{
  "paragraphs": [
    {
      "text": "%spark\n\ncase class Event(serialNumber: String, \n                model: String, \n                status: String, \n                state: String, \n                temp: String, \n                signalStrength: String)\n                \ncase class Series(serialNumber: String, \n                time: Int, \n                temp: String)\n\n\ndef createSeries(deviceEvent: RDD[Event]): RDD[Series] \u003d {\n    var seriesLoop \u003d 0\n    val deviceEventArray \u003d deviceEvent.toArray\n    var series \u003d new Array[Series](deviceEventArray.size)\n    do{\n        series(seriesLoop) \u003d new Series(deviceEventArray(seriesLoop).serialNumber, seriesLoop, deviceEventArray(seriesLoop).temp)\n        seriesLoop +\u003d1\n    }while(seriesLoop \u003c series.size)\n    \n    return sc.parallelize(series)\n} \n\nvar deviceLog \u003d sc.textFile(\"/demo/data/training/DeviceLogTrainingData.csv\")\n//deviceLog.collect.foreach(println)\ndeviceLog.cache\n\n\n//val deviceEvent \u003d deviceLog.collect.map(x \u003d\u003e x.split(\",\")).map(x \u003d\u003e x(1)).foreach(println)\nvar deviceEvent \u003d deviceLog.take(1000).filter(x \u003d\u003e x.contains(\"1000\")).toArray.map(x \u003d\u003e x.split(\",\")).map(s \u003d\u003e Event(\n                s(0).toString,        //SerialNumber\n                s(1).toString,        //Model\n                s(2).toString,        //Status\n                s(3).toString,        //State\n                s(4).toString,        //Temp\n                s(5).toString         //Signal Strength\n        )\n    )//\n//createSeries(sc.parallelize(deviceEvent)).collect.foreach(println)\ncreateSeries(sc.parallelize(deviceEvent)).filter(x \u003d\u003e x.serialNumber.contains(\"1000\")).toDF().registerTempTable(\"DeviceEvents\")",
      "dateUpdated": "Jan 1, 2016 7:06:16 AM",
      "config": {
        "colWidth": 12.0,
        "graph": {
          "mode": "table",
          "height": 300.0,
          "optionOpen": false,
          "keys": [],
          "values": [],
          "groups": [],
          "scatter": {}
        },
        "editorMode": "ace/mode/scala",
        "lineNumbers": true
      },
      "settings": {
        "params": {},
        "forms": {}
      },
      "jobName": "paragraph_1451585697612_1102053037",
      "id": "20151231-181457_544803062",
      "result": {
        "code": "SUCCESS",
        "type": "TEXT",
        "msg": "defined class Event\ndefined class Series\nwarning: there were 1 deprecation warning(s); re-run with -deprecation for details\ncreateSeries: (deviceEvent: org.apache.spark.rdd.RDD[Event])org.apache.spark.rdd.RDD[Series]\ndeviceLog: org.apache.spark.rdd.RDD[String] \u003d MapPartitionsRDD[1291] at textFile at \u003cconsole\u003e:54\nres912: org.apache.spark.rdd.RDD[String] \u003d MapPartitionsRDD[1291] at textFile at \u003cconsole\u003e:54\ndeviceEvent: Array[Event] \u003d Array(Event(1000,Motorolla,normal,on,90,87), Event(1000,Motorolla,normal,on,82,91), Event(1000,Motorolla,normal,on,94,90), Event(1000,Motorolla,normal,on,84,90), Event(1000,Motorolla,normal,on,84,94), Event(1000,Motorolla,normal,on,81,94), Event(1000,Motorolla,normal,on,89,90), Event(1000,Motorolla,normal,on,93,90), Event(1000,Motorolla,normal,on,82,89), Event(1000,Motorolla,normal,on,84,87), Event(1000,Motorolla,normal,on,88,89), Event(1000,Motorolla,normal,on,83,91), Event(1000,Motorolla,normal,on,89,85), Event(1000,Motorolla,normal,on,85,85), Event(1000,Motorolla,normal,on,93,92), Event(1000,Motorolla,normal,on,92,88), Event(1000,Motorolla,normal,on,83,89), Event(1000,Motorolla,normal,on,87,88), Event(1000,Motorolla,normal,on,80,92), Event(1000,Motorolla,n..."
      },
      "dateCreated": "Dec 31, 2015 6:14:57 PM",
      "dateStarted": "Jan 1, 2016 7:06:16 AM",
      "dateFinished": "Jan 1, 2016 7:06:17 AM",
      "status": "FINISHED",
      "progressUpdateIntervalMs": 500
    },
    {
      "text": "%sql\nselect serialNumber,time, temp from DeviceEvents\n",
      "dateUpdated": "Jan 1, 2016 4:20:04 PM",
      "config": {
        "colWidth": 12.0,
        "graph": {
          "mode": "lineChart",
          "height": 300.0,
          "optionOpen": false,
          "keys": [
            {
              "name": "time",
              "index": 1.0,
              "aggr": "sum"
            }
          ],
          "values": [
            {
              "name": "temp",
              "index": 2.0,
              "aggr": "sum"
            }
          ],
          "groups": [
            {
              "name": "serialNumber",
              "index": 0.0,
              "aggr": "sum"
            }
          ],
          "scatter": {
            "xAxis": {
              "name": "time",
              "index": 1.0,
              "aggr": "sum"
            },
            "yAxis": {
              "name": "temp",
              "index": 2.0,
              "aggr": "sum"
            },
            "group": {
              "name": "serialNumber",
              "index": 0.0,
              "aggr": "sum"
            }
          },
          "forceY": false
        },
        "editorMode": "ace/mode/sql"
      },
      "settings": {
        "params": {},
        "forms": {}
      },
      "jobName": "paragraph_1451586188619_1744676169",
      "id": "20151231-182308_874286050",
      "result": {
        "code": "SUCCESS",
        "type": "TABLE",
        "msg": "serialNumber\ttime\ttemp\n1000\t0\t90\n1000\t1\t82\n1000\t2\t94\n1000\t3\t84\n1000\t4\t84\n1000\t5\t81\n1000\t6\t89\n1000\t7\t93\n1000\t8\t82\n1000\t9\t84\n1000\t10\t88\n1000\t11\t83\n1000\t12\t89\n1000\t13\t85\n1000\t14\t93\n1000\t15\t92\n1000\t16\t83\n1000\t17\t87\n1000\t18\t80\n1000\t19\t87\n1000\t20\t94\n1000\t21\t84\n1000\t22\t84\n1000\t23\t84\n1000\t24\t85\n1000\t25\t81\n1000\t26\t85\n1000\t27\t94\n1000\t28\t87\n1000\t29\t90\n1000\t30\t85\n1000\t31\t93\n1000\t32\t87\n1000\t33\t91\n1000\t34\t86\n1000\t35\t93\n1000\t36\t80\n1000\t37\t84\n1000\t38\t88\n1000\t39\t82\n1000\t40\t82\n1000\t41\t82\n1000\t42\t82\n1000\t43\t91\n1000\t44\t93\n1000\t45\t82\n1000\t46\t89\n1000\t47\t80\n1000\t48\t90\n1000\t49\t85\n1000\t50\t85\n1000\t51\t94\n1000\t52\t88\n1000\t53\t94\n1000\t54\t91\n1000\t55\t88\n1000\t56\t94\n1000\t57\t80\n1000\t58\t93\n1000\t59\t88\n1000\t60\t80\n1000\t61\t81\n1000\t62\t82\n1000\t63\t83\n1000\t64\t84\n1000\t65\t85\n1000\t66\t86\n1000\t67\t87\n1000\t68\t88\n1000\t69\t89\n1000\t70\t90\n1000\t71\t91\n1000\t72\t92\n1000\t73\t93\n1000\t74\t94\n1000\t75\t95\n1000\t76\t96\n1000\t77\t97\n1000\t78\t98\n1000\t79\t99\n1000\t80\t100\n1000\t81\t101\n1000\t82\t102\n1000\t83\t103\n1000\t84\t104\n1000\t85\t105\n1000\t86\t106\n1000\t87\t107\n1000\t88\t108\n1000\t89\t109\n1000\t90\t80\n1000\t91\t81\n1000\t92\t82\n1000\t93\t83\n1000\t94\t84\n1000\t95\t85\n1000\t96\t86\n1000\t97\t87\n1000\t98\t88\n1000\t99\t89\n1000\t100\t90\n1000\t101\t91\n1000\t102\t92\n1000\t103\t93\n1000\t104\t94\n1000\t105\t95\n1000\t106\t96\n1000\t107\t97\n1000\t108\t98\n1000\t109\t99\n1000\t110\t100\n1000\t111\t101\n1000\t112\t102\n1000\t113\t103\n1000\t114\t104\n1000\t115\t105\n1000\t116\t106\n1000\t117\t107\n1000\t118\t108\n1000\t119\t109\n1000\t120\t88\n1000\t121\t89\n1000\t122\t94\n1000\t123\t94\n1000\t124\t81\n1000\t125\t93\n1000\t126\t90\n1000\t127\t81\n1000\t128\t93\n1000\t129\t85\n1000\t130\t92\n1000\t131\t82\n1000\t132\t85\n1000\t133\t88\n1000\t134\t84\n1000\t135\t82\n1000\t136\t92\n1000\t137\t81\n1000\t138\t87\n1000\t139\t86\n1000\t140\t80\n1000\t141\t91\n1000\t142\t80\n1000\t143\t92\n1000\t144\t93\n1000\t145\t93\n1000\t146\t89\n1000\t147\t89\n1000\t148\t92\n1000\t149\t93\n1000\t150\t80\n1000\t151\t81\n1000\t152\t82\n1000\t153\t83\n1000\t154\t84\n1000\t155\t85\n1000\t156\t86\n1000\t157\t87\n1000\t158\t88\n1000\t159\t89\n1000\t160\t90\n1000\t161\t91\n1000\t162\t92\n1000\t163\t93\n1000\t164\t94\n1000\t165\t95\n1000\t166\t96\n1000\t167\t97\n1000\t168\t98\n1000\t169\t99\n1000\t170\t100\n1000\t171\t101\n1000\t172\t102\n1000\t173\t103\n1000\t174\t104\n1000\t175\t105\n1000\t176\t106\n1000\t177\t107\n1000\t178\t108\n1000\t179\t109\n1000\t180\t87\n1000\t181\t92\n1000\t182\t85\n1000\t183\t82\n1000\t184\t83\n1000\t185\t91\n1000\t186\t84\n1000\t187\t85\n1000\t188\t82\n1000\t189\t81\n1000\t190\t87\n1000\t191\t89\n1000\t192\t83\n1000\t193\t86\n1000\t194\t91\n1000\t195\t80\n1000\t196\t82\n1000\t197\t86\n1000\t198\t86\n1000\t199\t87\n1000\t200\t91\n1000\t201\t94\n1000\t202\t81\n1000\t203\t87\n1000\t204\t90\n1000\t205\t85\n1000\t206\t89\n1000\t207\t81\n1000\t208\t83\n1000\t209\t86\n1000\t210\t92\n1000\t211\t88\n1000\t212\t80\n1000\t213\t80\n1000\t214\t92\n1000\t215\t80\n1000\t216\t81\n1000\t217\t90\n1000\t218\t93\n1000\t219\t83\n1000\t220\t88\n1000\t221\t87\n1000\t222\t86\n1000\t223\t87\n1000\t224\t80\n1000\t225\t84\n1000\t226\t88\n1000\t227\t82\n1000\t228\t85\n1000\t229\t83\n1000\t230\t81\n1000\t231\t88\n1000\t232\t83\n1000\t233\t82\n1000\t234\t82\n1000\t235\t90\n1000\t236\t80\n1000\t237\t81\n1000\t238\t88\n1000\t239\t82\n1000\t240\t94\n1000\t241\t84\n1000\t242\t81\n1000\t243\t88\n1000\t244\t80\n1000\t245\t93\n1000\t246\t91\n1000\t247\t94\n1000\t248\t90\n1000\t249\t93\n1000\t250\t84\n1000\t251\t85\n1000\t252\t82\n1000\t253\t93\n1000\t254\t86\n1000\t255\t93\n1000\t256\t90\n1000\t257\t84\n1000\t258\t88\n1000\t259\t90\n1000\t260\t89\n1000\t261\t85\n1000\t262\t84\n1000\t263\t88\n1000\t264\t88\n1000\t265\t86\n1000\t266\t84\n1000\t267\t89\n1000\t268\t86\n1000\t269\t86\n1000\t270\t80\n1000\t271\t82\n1000\t272\t89\n1000\t273\t89\n1000\t274\t89\n1000\t275\t86\n1000\t276\t94\n1000\t277\t87\n1000\t278\t88\n1000\t279\t84\n1000\t280\t82\n1000\t281\t92\n1000\t282\t88\n1000\t283\t88\n1000\t284\t91\n1000\t285\t90\n1000\t286\t94\n1000\t287\t94\n1000\t288\t88\n1000\t289\t86\n1000\t290\t90\n1000\t291\t86\n1000\t292\t82\n1000\t293\t80\n1000\t294\t92\n1000\t295\t84\n1000\t296\t91\n1000\t297\t84\n1000\t298\t90\n1000\t299\t86\n1000\t300\t85\n1000\t301\t90\n1000\t302\t86\n1000\t303\t90\n1000\t304\t93\n1000\t305\t81\n1000\t306\t85\n1000\t307\t85\n1000\t308\t92\n1000\t309\t80\n1000\t310\t90\n1000\t311\t90\n1000\t312\t91\n1000\t313\t91\n1000\t314\t91\n1000\t315\t89\n1000\t316\t92\n1000\t317\t85\n1000\t318\t85\n1000\t319\t80\n1000\t320\t93\n1000\t321\t83\n1000\t322\t84\n1000\t323\t82\n1000\t324\t87\n1000\t325\t80\n1000\t326\t91\n1000\t327\t85\n1000\t328\t83\n1000\t329\t91\n1000\t330\t88\n1000\t331\t90\n1000\t332\t85\n1000\t333\t93\n"
      },
      "dateCreated": "Dec 31, 2015 6:23:08 PM",
      "dateStarted": "Jan 1, 2016 7:05:03 AM",
      "dateFinished": "Jan 1, 2016 7:05:03 AM",
      "status": "FINISHED",
      "progressUpdateIntervalMs": 500
    },
    {
      "text": "%spark\nimport scala.collection.mutable.ListBuffer\nimport org.apache.spark.rdd._\nimport org.apache.spark.mllib.regression.LabeledPoint\nimport org.apache.spark.mllib.linalg.Vectors\nimport org.apache.spark.mllib.feature.StandardScaler\nimport org.apache.spark.mllib.classification.{LogisticRegressionWithSGD, LogisticRegressionWithLBFGS, LogisticRegressionModel, SVMModel, SVMWithSGD}\nimport org.apache.spark.mllib.regression.LinearRegressionModel\nimport org.apache.spark.mllib.regression.LinearRegressionWithSGD\n\n\ndef extractFeatures(deviceLogPart: RDD[String]): RDD[LabeledPoint] \u003d {\n    val deviceLogList \u003d deviceLogPart.toArray.toList\n    var page \u003d 0\n    var featureWindowSize \u003d 30\n    var featureVectorSize \u003d 10\n    var alertThreshold \u003d 105\n    var deviceLogBuffer \u003d new ListBuffer[LabeledPoint]()\n    var deviceLogSize \u003d deviceLogList.size\n    var totalPages \u003d deviceLogSize/featureWindowSize\n    \n    do{\n        var featuresArray \u003d deviceLogList.drop(page).take(featureWindowSize).toArray.map(x \u003d\u003e x.mkString).map(x \u003d\u003e x.split(\",\")(4).toDouble)\n        deviceLogBuffer +\u003d LabeledPoint(if(featuresArray.max \u003e\u003d alertThreshold) 1.0 else 0.0, Vectors.dense(featuresArray.take(featureVectorSize)))\n        if(featuresArray.drop(featureVectorSize).take(featureVectorSize)(0) \u003c105)\n            deviceLogBuffer +\u003d LabeledPoint(if(featuresArray.max \u003e\u003d alertThreshold) 1.0 else 0.0, Vectors.dense(featuresArray.drop(featureVectorSize).take(featureVectorSize)))\n        page +\u003d featureWindowSize\n    }while(page/featureWindowSize \u003c totalPages)\n    \n    val deviceLogTrainData \u003d sc.parallelize(deviceLogBuffer)\n    return deviceLogTrainData \n}\n\n\ndef eval_metrics(labelsAndPreds: RDD[(Double,Double)]) : Tuple2[Array[Double], Array[Double]] \u003d {\n    val tp \u003d labelsAndPreds.filter(r \u003d\u003e r._1\u003d\u003d1 \u0026\u0026 r._2\u003d\u003d1).count.toDouble\n    val tn \u003d labelsAndPreds.filter(r \u003d\u003e r._1\u003d\u003d0 \u0026\u0026 r._2\u003d\u003d0).count.toDouble\n    val fp \u003d labelsAndPreds.filter(r \u003d\u003e r._1\u003d\u003d1 \u0026\u0026 r._2\u003d\u003d0).count.toDouble\n    val fn \u003d labelsAndPreds.filter(r \u003d\u003e r._1\u003d\u003d0 \u0026\u0026 r._2\u003d\u003d1).count.toDouble\n    \n    val precision \u003d tp / (tp+fp)\n    val recall \u003d tp / (tp+fn)\n    val F_measure \u003d 2*precision*recall / (precision+recall)\n    val accuracy \u003d (tp+tn) / (tp+tn+fp+fn)\n    new Tuple2(Array(tp, tn, fp, fn), Array(precision, recall, F_measure, accuracy))\n}\n\nvar deviceLog \u003d sc.textFile(\"/demo/data/training/DeviceLogTrainingData.csv\")\n//deviceLog.collect.foreach(println)\ndeviceLog.cache\n\nval deviceLogTrainData \u003d extractFeatures(deviceLog.filter(x \u003d\u003e x.contains(\"1000\")))\ndeviceLogTrainData.collect().foreach(println)\nprintln(\"*********************************************************\")\nval deviceLogTestData \u003d extractFeatures(deviceLog.filter(x \u003d\u003e x.contains(\"2000\")))\ndeviceLogTestData.collect().foreach(println)\n\n//Scale Training Data\nval trainingScaler \u003d new StandardScaler(withMean \u003d true, withStd \u003d true).fit(deviceLogTrainData.map(x \u003d\u003e x.features))\nval scaledDeviceLogTrainData \u003d deviceLogTrainData.map(x \u003d\u003e LabeledPoint(x.label, trainingScaler.transform(Vectors.dense(x.features.toArray))))\nscaledDeviceLogTrainData.cache\n\n//Scale Testing Data\nval testingScaler \u003d new StandardScaler(withMean \u003d true, withStd \u003d true).fit(deviceLogTestData.map(x \u003d\u003e x.features))\nvar scaledDeviceLogTestData \u003d deviceLogTestData.map(x \u003d\u003e LabeledPoint(x.label, testingScaler.transform(Vectors.dense(x.features.toArray))))\nscaledDeviceLogTestData.cache\n//scaledDeviceLogTestData.collect().foreach(println)\n\n//Train SVM Model\n//val model_lr \u003d SVMWithSGD.train(deviceLogTrainData, numIterations\u003d500)\nval model_lr \u003d SVMWithSGD.train(scaledDeviceLogTrainData, numIterations\u003d500)\nmodel_lr.clearThreshold()\nmodel_lr.setThreshold(1.185)\nval labelsAndPreds_lr \u003d deviceLogTestData.map { point \u003d\u003e val pred \u003d model_lr.predict(point.features) \n//val labelsAndPreds_lr \u003d scaledDeviceLogTestData.map { point \u003d\u003e val pred \u003d model_lr.predict(point.features) \n    (pred, point.label, point.features)\n}\n\n/*\n//Train LR Model\nval model_lr \u003d LogisticRegressionWithSGD.train(deviceLogTrainData, numIterations\u003d500)\n//val model_lr \u003d LogisticRegressionWithSGD.train(scaledDeviceLogTrainData, numIterations\u003d500)\nmodel_lr.clearThreshold()\n//model_lr.setThreshold(0.90)\n*/\n\n//Predict\n//val labelsAndPreds_lr \u003d deviceLogTestData.map { point \u003d\u003e val pred \u003d model_lr.predict(point.features) \nval labelsAndPreds_lr \u003d scaledDeviceLogTestData.map { point \u003d\u003e val pred \u003d model_lr.predict(point.features) \n    (pred, point.label, point.features)\n}\n\nlabelsAndPreds_lr.collect.foreach(println)\n//model_lr.save(sc, \"/demo/data/nostradamusSVMModel\");\n\n//val tempMeasurements \u003d deviceLogPart.collect().map(x \u003d\u003e x.mkString).map(x \u003d\u003e x.split(\"\"\"\\|\"\"\")(4)) //deviceLog.map(x \u003d\u003e x.split(\"\"\"\\|\"\"\"))",
      "dateUpdated": "Dec 31, 2015 6:12:56 PM",
      "config": {
        "colWidth": 12.0,
        "graph": {
          "mode": "table",
          "height": 300.0,
          "optionOpen": false,
          "keys": [],
          "values": [],
          "groups": [],
          "scatter": {}
        },
        "editorMode": "ace/mode/scala"
      },
      "settings": {
        "params": {},
        "forms": {}
      },
      "jobName": "paragraph_1451585213317_1883355460",
      "id": "20151231-180653_1840931368",
      "result": {
        "code": "SUCCESS",
        "type": "TEXT",
        "msg": "import scala.collection.mutable.ListBuffer\nimport org.apache.spark.rdd._\nimport org.apache.spark.mllib.regression.LabeledPoint\nimport org.apache.spark.mllib.linalg.Vectors\nimport org.apache.spark.mllib.feature.StandardScaler\nimport org.apache.spark.mllib.classification.{LogisticRegressionWithSGD, LogisticRegressionWithLBFGS, LogisticRegressionModel, SVMModel, SVMWithSGD}\nimport org.apache.spark.mllib.regression.LinearRegressionModel\nimport org.apache.spark.mllib.regression.LinearRegressionWithSGD\nwarning: there were 1 deprecation warning(s); re-run with -deprecation for details\nextractFeatures: (deviceLogPart: org.apache.spark.rdd.RDD[String])org.apache.spark.rdd.RDD[org.apache.spark.mllib.regression.LabeledPoint]\neval_metrics: (labelsAndPreds: org.apache.spark.rdd.RDD[(Double, Double)])(Array[Double], Array[Double])\ndeviceLog: org.apache.spark.rdd.RDD[String] \u003d MapPartitionsRDD[7] at textFile at \u003cconsole\u003e:54\nres22: org.apache.spark.rdd.RDD[String] \u003d MapPartitionsRDD[7] at textFile at \u003cconsole\u003e:54\ndeviceLogTrainData: org.apache.spark.rdd.RDD[org.apache.spark.mllib.regression.LabeledPoint] \u003d ParallelCollectionRDD[9] at parallelize at \u003cconsole\u003e:73\n(0.0,[90.0,82.0,94.0,84.0,84.0,81.0,89.0,93.0,82.0,84.0])\n(0.0,[88.0,83.0,89.0,85.0,93.0,92.0,83.0,87.0,80.0,87.0])\n(0.0,[85.0,93.0,87.0,91.0,86.0,93.0,80.0,84.0,88.0,82.0])\n(0.0,[82.0,82.0,82.0,91.0,93.0,82.0,89.0,80.0,90.0,85.0])\n(1.0,[80.0,81.0,82.0,83.0,84.0,85.0,86.0,87.0,88.0,89.0])\n(1.0,[90.0,91.0,92.0,93.0,94.0,95.0,96.0,97.0,98.0,99.0])\n(1.0,[80.0,81.0,82.0,83.0,84.0,85.0,86.0,87.0,88.0,89.0])\n(1.0,[90.0,91.0,92.0,93.0,94.0,95.0,96.0,97.0,98.0,99.0])\n(0.0,[88.0,89.0,94.0,94.0,81.0,93.0,90.0,81.0,93.0,85.0])\n(0.0,[92.0,82.0,85.0,88.0,84.0,82.0,92.0,81.0,87.0,86.0])\n(1.0,[80.0,81.0,82.0,83.0,84.0,85.0,86.0,87.0,88.0,89.0])\n(1.0,[90.0,91.0,92.0,93.0,94.0,95.0,96.0,97.0,98.0,99.0])\n(0.0,[87.0,92.0,85.0,82.0,83.0,91.0,84.0,85.0,82.0,81.0])\n(0.0,[87.0,89.0,83.0,86.0,91.0,80.0,82.0,86.0,86.0,87.0])\n(0.0,[92.0,88.0,80.0,80.0,92.0,80.0,81.0,90.0,93.0,83.0])\n(0.0,[88.0,87.0,86.0,87.0,80.0,84.0,88.0,82.0,85.0,83.0])\n(0.0,[94.0,84.0,81.0,88.0,80.0,93.0,91.0,94.0,90.0,93.0])\n(0.0,[84.0,85.0,82.0,93.0,86.0,93.0,90.0,84.0,88.0,90.0])\n(0.0,[80.0,82.0,89.0,89.0,89.0,86.0,94.0,87.0,88.0,84.0])\n(0.0,[82.0,92.0,88.0,88.0,91.0,90.0,94.0,94.0,88.0,86.0])\n(0.0,[85.0,90.0,86.0,90.0,93.0,81.0,85.0,85.0,92.0,80.0])\n(0.0,[90.0,90.0,91.0,91.0,91.0,89.0,92.0,85.0,85.0,80.0])\n(0.0,[88.0,90.0,85.0,93.0,94.0,89.0,81.0,93.0,83.0,89.0])\n(0.0,[85.0,85.0,88.0,83.0,86.0,88.0,84.0,92.0,91.0,90.0])\n(1.0,[80.0,81.0,82.0,83.0,84.0,85.0,86.0,87.0,88.0,89.0])\n(1.0,[90.0,91.0,92.0,93.0,94.0,95.0,96.0,97.0,98.0,99.0])\n(0.0,[85.0,83.0,92.0,86.0,88.0,91.0,85.0,93.0,87.0,90.0])\n(0.0,[85.0,94.0,80.0,92.0,80.0,81.0,94.0,88.0,80.0,89.0])\n(1.0,[80.0,81.0,82.0,83.0,84.0,85.0,86.0,87.0,88.0,89.0])\n(1.0,[90.0,91.0,92.0,93.0,94.0,95.0,96.0,97.0,98.0,99.0])\n(0.0,[86.0,89.0,89.0,85.0,84.0,81.0,89.0,93.0,90.0,83.0])\n(0.0,[90.0,91.0,87.0,83.0,83.0,87.0,83.0,82.0,91.0,84.0])\n(0.0,[87.0,91.0,92.0,81.0,92.0,93.0,88.0,86.0,89.0,89.0])\n(0.0,[94.0,91.0,92.0,89.0,84.0,83.0,89.0,91.0,80.0,86.0])\n(0.0,[82.0,92.0,92.0,85.0,87.0,91.0,80.0,80.0,81.0,83.0])\n(0.0,[94.0,88.0,82.0,85.0,92.0,82.0,80.0,82.0,86.0,85.0])\n(1.0,[80.0,81.0,82.0,83.0,84.0,85.0,86.0,87.0,88.0,89.0])\n(1.0,[90.0,91.0,92.0,93.0,94.0,95.0,96.0,97.0,98.0,99.0])\n(0.0,[94.0,84.0,82.0,84.0,86.0,91.0,88.0,90.0,81.0,81.0])\n(0.0,[82.0,84.0,91.0,89.0,81.0,80.0,85.0,94.0,87.0,94.0])\n(0.0,[92.0,84.0,90.0,81.0,87.0,90.0,89.0,85.0,91.0,83.0])\n(0.0,[91.0,83.0,82.0,92.0,81.0,84.0,90.0,91.0,81.0,84.0])\n(1.0,[80.0,81.0,82.0,83.0,84.0,85.0,86.0,87.0,88.0,89.0])\n(1.0,[90.0,91.0,92.0,93.0,94.0,95.0,96.0,97.0,98.0,99.0])\n(0.0,[90.0,94.0,93.0,88.0,81.0,85.0,93.0,91.0,92.0,82.0])\n(0.0,[80.0,92.0,85.0,81.0,93.0,82.0,84.0,81.0,87.0,85.0])\n(1.0,[80.0,81.0,82.0,83.0,84.0,85.0,86.0,87.0,88.0,89.0])\n(1.0,[90.0,91.0,92.0,93.0,94.0,95.0,96.0,97.0,98.0,99.0])\n(1.0,[80.0,81.0,82.0,83.0,84.0,85.0,86.0,87.0,88.0,89.0])\n(1.0,[90.0,91.0,92.0,93.0,94.0,95.0,96.0,97.0,98.0,99.0])\n(0.0,[86.0,81.0,94.0,80.0,80.0,83.0,85.0,87.0,87.0,83.0])\n(0.0,[89.0,80.0,87.0,90.0,91.0,81.0,85.0,93.0,88.0,86.0])\n(1.0,[80.0,81.0,82.0,83.0,84.0,85.0,86.0,87.0,88.0,89.0])\n(1.0,[90.0,91.0,92.0,93.0,94.0,95.0,96.0,97.0,98.0,99.0])\n(1.0,[80.0,81.0,82.0,83.0,84.0,85.0,86.0,87.0,88.0,89.0])\n(1.0,[90.0,91.0,92.0,93.0,94.0,95.0,96.0,97.0,98.0,99.0])\n(0.0,[91.0,82.0,89.0,93.0,89.0,89.0,94.0,82.0,86.0,93.0])\n(0.0,[81.0,82.0,87.0,91.0,93.0,93.0,94.0,80.0,80.0,87.0])\n(1.0,[80.0,81.0,82.0,83.0,84.0,85.0,86.0,87.0,88.0,89.0])\n(1.0,[90.0,91.0,92.0,93.0,94.0,95.0,96.0,97.0,98.0,99.0])\n(1.0,[80.0,81.0,82.0,83.0,84.0,85.0,86.0,87.0,88.0,89.0])\n(1.0,[90.0,91.0,92.0,93.0,94.0,95.0,96.0,97.0,98.0,99.0])\n(0.0,[87.0,82.0,86.0,84.0,89.0,80.0,86.0,89.0,90.0,90.0])\n(0.0,[87.0,81.0,86.0,84.0,83.0,91.0,88.0,86.0,93.0,84.0])\n(1.0,[80.0,81.0,82.0,83.0,84.0,85.0,86.0,87.0,88.0,89.0])\n(1.0,[90.0,91.0,92.0,93.0,94.0,95.0,96.0,97.0,98.0,99.0])\n(1.0,[80.0,81.0,82.0,83.0,84.0,85.0,86.0,87.0,88.0,89.0])\n(1.0,[90.0,91.0,92.0,93.0,94.0,95.0,96.0,97.0,98.0,99.0])\n(0.0,[88.0,92.0,85.0,81.0,80.0,87.0,91.0,90.0,81.0,86.0])\n(0.0,[85.0,89.0,90.0,80.0,80.0,87.0,93.0,82.0,83.0,89.0])\n(0.0,[93.0,90.0,88.0,81.0,85.0,82.0,91.0,92.0,81.0,85.0])\n(0.0,[94.0,92.0,88.0,85.0,80.0,81.0,92.0,92.0,82.0,88.0])\n(1.0,[80.0,81.0,82.0,83.0,84.0,85.0,86.0,87.0,88.0,89.0])\n(1.0,[90.0,91.0,92.0,93.0,94.0,95.0,96.0,97.0,98.0,99.0])\n(0.0,[84.0,94.0,83.0,86.0,92.0,82.0,81.0,94.0,86.0,85.0])\n(0.0,[82.0,90.0,80.0,84.0,89.0,90.0,88.0,83.0,85.0,86.0])\n(0.0,[94.0,86.0,94.0,85.0,85.0,84.0,92.0,88.0,90.0,85.0])\n(0.0,[91.0,81.0,82.0,89.0,88.0,91.0,93.0,89.0,81.0,81.0])\n(1.0,[80.0,81.0,82.0,83.0,84.0,85.0,86.0,87.0,88.0,89.0])\n(1.0,[90.0,91.0,92.0,93.0,94.0,95.0,96.0,97.0,98.0,99.0])\n(0.0,[90.0,94.0,80.0,80.0,83.0,86.0,84.0,94.0,84.0,92.0])\n(0.0,[93.0,94.0,85.0,94.0,87.0,86.0,84.0,88.0,80.0,94.0])\n(0.0,[88.0,87.0,88.0,80.0,83.0,83.0,80.0,91.0,89.0,94.0])\n(0.0,[86.0,86.0,86.0,85.0,89.0,93.0,89.0,81.0,84.0,85.0])\n(1.0,[80.0,81.0,82.0,83.0,84.0,85.0,86.0,87.0,88.0,89.0])\n(1.0,[90.0,91.0,92.0,93.0,94.0,95.0,96.0,97.0,98.0,99.0])\n(0.0,[87.0,85.0,84.0,92.0,93.0,89.0,80.0,92.0,86.0,80.0])\n(0.0,[93.0,80.0,89.0,86.0,88.0,86.0,80.0,90.0,94.0,82.0])\n(1.0,[80.0,81.0,82.0,83.0,84.0,85.0,86.0,87.0,88.0,89.0])\n(1.0,[90.0,91.0,92.0,93.0,94.0,95.0,96.0,97.0,98.0,99.0])\n(1.0,[80.0,81.0,82.0,83.0,84.0,85.0,86.0,87.0,88.0,89.0])\n(1.0,[90.0,91.0,92.0,93.0,94.0,95.0,96.0,97.0,98.0,99.0])\n(0.0,[80.0,91.0,92.0,88.0,88.0,94.0,93.0,81.0,87.0,83.0])\n(0.0,[80.0,87.0,81.0,92.0,81.0,89.0,88.0,82.0,84.0,94.0])\n(0.0,[88.0,90.0,86.0,88.0,91.0,86.0,87.0,94.0,85.0,90.0])\n(0.0,[91.0,84.0,82.0,81.0,94.0,94.0,82.0,92.0,92.0,82.0])\n(1.0,[80.0,81.0,82.0,83.0,84.0,85.0,86.0,87.0,88.0,89.0])\n(1.0,[90.0,91.0,92.0,93.0,94.0,95.0,96.0,97.0,98.0,99.0])\n(1.0,[80.0,81.0,82.0,83.0,84.0,85.0,86.0,87.0,88.0,89.0])\n(1.0,[90.0,91.0,92.0,93.0,94.0,95.0,96.0,97.0,98.0,99.0])\n(1.0,[80.0,81.0,82.0,83.0,84.0,85.0,86.0,87.0,88.0,89.0])\n(1.0,[90.0,91.0,92.0,93.0,94.0,95.0,96.0,97.0,98.0,99.0])\n(1.0,[80.0,81.0,82.0,83.0,84.0,85.0,86.0,87.0,88.0,89.0])\n(1.0,[90.0,91.0,92.0,93.0,94.0,95.0,96.0,97.0,98.0,99.0])\n(1.0,[80.0,81.0,82.0,83.0,84.0,85.0,86.0,87.0,88.0,89.0])\n(1.0,[90.0,91.0,92.0,93.0,94.0,95.0,96.0,97.0,98.0,99.0])\n(0.0,[83.0,80.0,91.0,90.0,81.0,91.0,83.0,84.0,85.0,86.0])\n(0.0,[89.0,91.0,94.0,89.0,90.0,89.0,81.0,92.0,91.0,82.0])\n(0.0,[80.0,81.0,82.0,83.0,84.0,85.0,86.0,87.0,88.0,92.0])\n(0.0,[90.0,90.0,84.0,86.0,91.0,86.0,80.0,94.0,89.0,81.0])\n(0.0,[83.0,80.0,87.0,81.0,88.0,90.0,84.0,91.0,81.0,80.0])\n(0.0,[92.0,86.0,93.0,85.0,85.0,92.0,94.0,89.0,80.0,94.0])\n(0.0,[87.0,89.0,81.0,87.0,81.0,93.0,86.0,88.0,87.0,94.0])\n(0.0,[94.0,84.0,83.0,86.0,87.0,93.0,82.0,92.0,83.0,84.0])\n(0.0,[86.0,83.0,81.0,93.0,88.0,87.0,83.0,85.0,81.0,90.0])\n(0.0,[84.0,91.0,93.0,94.0,88.0,83.0,84.0,87.0,88.0,83.0])\n(0.0,[91.0,83.0,90.0,89.0,93.0,91.0,91.0,85.0,85.0,80.0])\n(0.0,[88.0,85.0,94.0,83.0,83.0,92.0,87.0,88.0,83.0,91.0])\n(0.0,[80.0,88.0,89.0,91.0,86.0,90.0,82.0,80.0,82.0,91.0])\n(0.0,[86.0,84.0,85.0,81.0,81.0,94.0,92.0,82.0,91.0,87.0])\n(0.0,[93.0,93.0,87.0,85.0,90.0,92.0,89.0,90.0,94.0,92.0])\n(0.0,[84.0,86.0,91.0,86.0,80.0,86.0,82.0,90.0,80.0,83.0])\n(0.0,[85.0,85.0,80.0,84.0,90.0,81.0,88.0,85.0,85.0,90.0])\n(0.0,[92.0,88.0,91.0,83.0,81.0,94.0,82.0,80.0,89.0,91.0])\n(0.0,[90.0,81.0,83.0,87.0,80.0,83.0,81.0,92.0,81.0,89.0])\n(0.0,[80.0,82.0,89.0,94.0,84.0,87.0,84.0,83.0,90.0,80.0])\n(0.0,[82.0,94.0,94.0,81.0,81.0,87.0,88.0,93.0,83.0,92.0])\n(0.0,[88.0,85.0,90.0,84.0,84.0,86.0,88.0,80.0,90.0,80.0])\n(1.0,[85.0,86.0,87.0,88.0,89.0,90.0,91.0,92.0,93.0,94.0])\n(1.0,[95.0,96.0,97.0,98.0,99.0,100.0,101.0,102.0,103.0,104.0])\n(0.0,[93.0,89.0,90.0,94.0,84.0,88.0,80.0,86.0,81.0,85.0])\n(0.0,[85.0,90.0,92.0,93.0,87.0,83.0,86.0,94.0,92.0,86.0])\n(0.0,[88.0,88.0,86.0,87.0,89.0,91.0,84.0,84.0,81.0,91.0])\n(0.0,[94.0,80.0,82.0,80.0,94.0,90.0,90.0,80.0,94.0,86.0])\n(0.0,[88.0,91.0,93.0,94.0,87.0,93.0,81.0,82.0,89.0,80.0])\n(0.0,[83.0,83.0,86.0,94.0,83.0,82.0,81.0,93.0,90.0,93.0])\n(0.0,[86.0,94.0,88.0,92.0,88.0,92.0,85.0,85.0,91.0,91.0])\n(0.0,[89.0,92.0,84.0,83.0,90.0,89.0,80.0,90.0,92.0,89.0])\n(1.0,[85.0,86.0,87.0,88.0,89.0,90.0,92.0,95.0,98.0,91.0])\n(1.0,[94.0,97.0,93.0,96.0,99.0,100.0,101.0,102.0,103.0,104.0])\n(0.0,[87.0,82.0,94.0,85.0,80.0,82.0,90.0,90.0,85.0,88.0])\n(0.0,[80.0,82.0,87.0,90.0,84.0,92.0,93.0,86.0,83.0,88.0])\n(0.0,[89.0,92.0,83.0,81.0,81.0,93.0,89.0,91.0,81.0,93.0])\n(0.0,[88.0,86.0,86.0,86.0,80.0,86.0,81.0,87.0,92.0,84.0])\n(0.0,[90.0,81.0,82.0,88.0,92.0,94.0,94.0,88.0,92.0,89.0])\n(0.0,[87.0,93.0,92.0,88.0,89.0,86.0,85.0,92.0,80.0,89.0])\n(0.0,[80.0,80.0,84.0,80.0,90.0,81.0,91.0,90.0,93.0,93.0])\n(0.0,[91.0,81.0,94.0,81.0,80.0,87.0,86.0,92.0,85.0,82.0])\n(0.0,[83.0,87.0,86.0,94.0,88.0,86.0,92.0,82.0,88.0,92.0])\n(0.0,[92.0,87.0,87.0,81.0,81.0,91.0,88.0,83.0,88.0,84.0])\n(0.0,[92.0,88.0,83.0,89.0,83.0,80.0,84.0,94.0,91.0,90.0])\n(0.0,[81.0,91.0,82.0,88.0,90.0,92.0,93.0,82.0,86.0,83.0])\n(0.0,[93.0,90.0,81.0,90.0,88.0,80.0,81.0,87.0,93.0,93.0])\n(0.0,[90.0,85.0,88.0,87.0,87.0,94.0,92.0,92.0,91.0,88.0])\n(0.0,[90.0,84.0,80.0,89.0,84.0,86.0,81.0,87.0,83.0,91.0])\n(0.0,[86.0,88.0,87.0,83.0,92.0,93.0,94.0,93.0,93.0,90.0])\n(0.0,[80.0,87.0,84.0,92.0,81.0,91.0,93.0,94.0,89.0,83.0])\n(0.0,[92.0,82.0,83.0,89.0,93.0,90.0,85.0,93.0,86.0,84.0])\n(0.0,[87.0,83.0,89.0,93.0,91.0,86.0,91.0,88.0,83.0,83.0])\n(0.0,[82.0,83.0,86.0,86.0,92.0,85.0,94.0,84.0,87.0,86.0])\n(0.0,[91.0,87.0,83.0,85.0,86.0,89.0,90.0,90.0,86.0,81.0])\n(0.0,[88.0,90.0,91.0,87.0,83.0,82.0,84.0,93.0,81.0,89.0])\n(0.0,[90.0,85.0,88.0,92.0,93.0,86.0,94.0,80.0,90.0,82.0])\n(0.0,[92.0,90.0,84.0,85.0,86.0,84.0,91.0,80.0,89.0,90.0])\n(0.0,[87.0,83.0,82.0,81.0,91.0,89.0,94.0,92.0,80.0,90.0])\n(0.0,[94.0,82.0,87.0,82.0,93.0,89.0,88.0,89.0,81.0,80.0])\n(0.0,[84.0,84.0,81.0,89.0,85.0,84.0,80.0,87.0,92.0,84.0])\n(0.0,[86.0,82.0,93.0,86.0,83.0,91.0,87.0,83.0,90.0,82.0])\n(0.0,[89.0,91.0,88.0,89.0,88.0,89.0,85.0,88.0,80.0,88.0])\n(0.0,[81.0,82.0,93.0,89.0,83.0,81.0,81.0,85.0,80.0,82.0])\n(0.0,[86.0,86.0,87.0,92.0,85.0,90.0,88.0,92.0,90.0,93.0])\n(0.0,[88.0,85.0,90.0,88.0,85.0,87.0,86.0,87.0,91.0,82.0])\n(0.0,[82.0,94.0,87.0,82.0,89.0,91.0,90.0,91.0,89.0,93.0])\n(0.0,[91.0,92.0,86.0,91.0,80.0,93.0,80.0,87.0,81.0,85.0])\n(1.0,[82.0,83.0,84.0,85.0,86.0,87.0,88.0,89.0,90.0,91.0])\n(1.0,[92.0,93.0,94.0,95.0,96.0,97.0,98.0,99.0,100.0,101.0])\n(0.0,[93.0,88.0,91.0,90.0,82.0,90.0,89.0,92.0,88.0,87.0])\n(0.0,[92.0,84.0,84.0,82.0,90.0,86.0,91.0,93.0,93.0,90.0])\n(0.0,[88.0,94.0,84.0,86.0,80.0,84.0,93.0,88.0,89.0,90.0])\n(0.0,[80.0,94.0,90.0,82.0,90.0,93.0,81.0,85.0,92.0,85.0])\n(0.0,[94.0,89.0,83.0,85.0,82.0,90.0,90.0,91.0,93.0,84.0])\n(0.0,[93.0,94.0,89.0,89.0,88.0,81.0,83.0,80.0,83.0,82.0])\n(0.0,[91.0,93.0,92.0,89.0,88.0,94.0,92.0,81.0,88.0,86.0])\n(0.0,[83.0,92.0,84.0,81.0,89.0,82.0,90.0,86.0,91.0,85.0])\n(0.0,[87.0,93.0,93.0,92.0,84.0,84.0,90.0,80.0,85.0,87.0])\n(0.0,[92.0,84.0,83.0,83.0,83.0,91.0,92.0,86.0,81.0,83.0])\n(0.0,[89.0,90.0,90.0,82.0,86.0,89.0,87.0,92.0,84.0,81.0])\n(0.0,[92.0,85.0,89.0,93.0,80.0,94.0,89.0,82.0,89.0,89.0])\n(1.0,[89.0,90.0,91.0,92.0,93.0,94.0,95.0,96.0,97.0,98.0])\n(1.0,[99.0,100.0,101.0,102.0,103.0,104.0,105.0,106.0,107.0,108.0])\n(0.0,[91.0,81.0,87.0,89.0,92.0,91.0,90.0,89.0,80.0,94.0])\n(0.0,[81.0,87.0,86.0,90.0,81.0,91.0,93.0,91.0,93.0,86.0])\n(0.0,[82.0,80.0,92.0,92.0,91.0,80.0,88.0,94.0,89.0,94.0])\n(0.0,[82.0,92.0,84.0,85.0,84.0,84.0,91.0,92.0,82.0,94.0])\n(0.0,[84.0,83.0,91.0,91.0,90.0,86.0,83.0,88.0,89.0,94.0])\n(0.0,[82.0,94.0,88.0,92.0,84.0,81.0,88.0,82.0,83.0,87.0])\n(0.0,[90.0,84.0,91.0,85.0,82.0,89.0,82.0,81.0,80.0,92.0])\n(0.0,[81.0,85.0,89.0,85.0,88.0,94.0,85.0,86.0,91.0,85.0])\n(1.0,[89.0,90.0,91.0,92.0,93.0,94.0,95.0,96.0,97.0,98.0])\n(1.0,[99.0,100.0,101.0,102.0,103.0,104.0,105.0,106.0,107.0,108.0])\n(0.0,[80.0,91.0,80.0,80.0,93.0,89.0,92.0,92.0,90.0,89.0])\n(0.0,[91.0,84.0,90.0,83.0,90.0,87.0,94.0,87.0,89.0,94.0])\n(0.0,[84.0,82.0,85.0,90.0,80.0,90.0,83.0,84.0,83.0,87.0])\n(0.0,[89.0,94.0,80.0,82.0,87.0,81.0,92.0,87.0,91.0,81.0])\n(0.0,[89.0,94.0,93.0,89.0,90.0,94.0,80.0,89.0,83.0,89.0])\n(0.0,[83.0,82.0,88.0,93.0,87.0,88.0,84.0,93.0,82.0,87.0])\n(1.0,[89.0,90.0,91.0,92.0,93.0,94.0,95.0,96.0,97.0,98.0])\n(1.0,[99.0,101.0,103.0,105.0,100.0,102.0,104.0,106.0,107.0,108.0])\n(0.0,[93.0,88.0,94.0,85.0,83.0,85.0,91.0,84.0,91.0,89.0])\n(0.0,[90.0,90.0,93.0,83.0,87.0,83.0,84.0,80.0,91.0,92.0])\n(0.0,[89.0,88.0,88.0,90.0,83.0,92.0,83.0,86.0,94.0,87.0])\n(0.0,[88.0,92.0,90.0,89.0,86.0,80.0,86.0,92.0,90.0,88.0])\n(0.0,[83.0,86.0,92.0,85.0,92.0,87.0,80.0,94.0,80.0,80.0])\n(0.0,[84.0,91.0,90.0,87.0,87.0,91.0,93.0,86.0,83.0,89.0])\n(1.0,[89.0,90.0,91.0,92.0,93.0,94.0,95.0,96.0,97.0,98.0])\n(1.0,[99.0,100.0,101.0,102.0,103.0,104.0,105.0,106.0,107.0,108.0])\n(0.0,[89.0,89.0,92.0,87.0,83.0,88.0,85.0,90.0,88.0,88.0])\n(0.0,[88.0,86.0,93.0,91.0,80.0,91.0,82.0,88.0,90.0,85.0])\n(0.0,[84.0,82.0,83.0,90.0,93.0,93.0,82.0,92.0,89.0,81.0])\n(0.0,[86.0,87.0,91.0,94.0,81.0,86.0,84.0,92.0,84.0,82.0])\n(0.0,[94.0,87.0,88.0,81.0,83.0,81.0,87.0,87.0,88.0,84.0])\n(0.0,[93.0,88.0,89.0,91.0,85.0,90.0,91.0,89.0,94.0,84.0])\n(0.0,[81.0,94.0,93.0,81.0,85.0,80.0,81.0,89.0,84.0,85.0])\n(0.0,[80.0,86.0,94.0,94.0,91.0,93.0,92.0,91.0,87.0,92.0])\n(0.0,[89.0,84.0,92.0,91.0,85.0,80.0,94.0,91.0,84.0,81.0])\n(0.0,[85.0,92.0,85.0,88.0,80.0,94.0,83.0,91.0,90.0,90.0])\n(0.0,[93.0,81.0,80.0,88.0,86.0,83.0,82.0,80.0,85.0,84.0])\n(0.0,[92.0,92.0,86.0,87.0,86.0,94.0,88.0,86.0,87.0,92.0])\n(1.0,[89.0,90.0,91.0,92.0,93.0,94.0,95.0,96.0,97.0,98.0])\n(1.0,[99.0,100.0,101.0,102.0,103.0,104.0,105.0,106.0,107.0,108.0])\n(0.0,[92.0,93.0,90.0,87.0,84.0,87.0,92.0,86.0,85.0,92.0])\n(0.0,[80.0,89.0,91.0,86.0,86.0,91.0,83.0,80.0,86.0,81.0])\n(0.0,[85.0,90.0,87.0,84.0,94.0,88.0,86.0,80.0,91.0,82.0])\n(0.0,[84.0,91.0,92.0,93.0,91.0,92.0,89.0,81.0,83.0,80.0])\n(0.0,[86.0,93.0,90.0,81.0,84.0,93.0,87.0,88.0,92.0,80.0])\n(0.0,[94.0,82.0,81.0,87.0,88.0,82.0,80.0,86.0,93.0,87.0])\n(1.0,[89.0,90.0,91.0,92.0,93.0,94.0,95.0,96.0,97.0,98.0])\n(1.0,[99.0,100.0,101.0,102.0,103.0,104.0,105.0,106.0,107.0,108.0])\n(0.0,[87.0,91.0,90.0,86.0,84.0,81.0,88.0,93.0,91.0,83.0])\n(0.0,[81.0,85.0,91.0,90.0,87.0,83.0,92.0,85.0,93.0,93.0])\n(0.0,[88.0,84.0,93.0,80.0,88.0,93.0,93.0,88.0,85.0,82.0])\n(0.0,[80.0,90.0,89.0,94.0,93.0,86.0,88.0,92.0,84.0,89.0])\n(0.0,[87.0,91.0,92.0,81.0,94.0,83.0,86.0,81.0,85.0,89.0])\n(0.0,[93.0,88.0,80.0,81.0,86.0,87.0,93.0,92.0,87.0,84.0])\n(0.0,[81.0,83.0,81.0,81.0,90.0,80.0,84.0,90.0,87.0,94.0])\n(0.0,[86.0,92.0,91.0,83.0,86.0,91.0,91.0,82.0,88.0,90.0])\n(0.0,[82.0,87.0,83.0,91.0,90.0,90.0,88.0,86.0,80.0,89.0])\n(0.0,[93.0,81.0,92.0,82.0,80.0,93.0,84.0,88.0,92.0,81.0])\n(0.0,[92.0,87.0,86.0,93.0,94.0,86.0,81.0,91.0,88.0,82.0])\n(0.0,[91.0,85.0,84.0,81.0,84.0,81.0,93.0,83.0,89.0,94.0])\n(1.0,[89.0,90.0,91.0,92.0,93.0,94.0,95.0,96.0,97.0,98.0])\n(1.0,[99.0,100.0,103.0,106.0,101.0,104.0,107.0,102.0,105.0,108.0])\n(0.0,[92.0,93.0,91.0,83.0,90.0,89.0,81.0,80.0,91.0,86.0])\n(0.0,[80.0,91.0,89.0,84.0,88.0,82.0,87.0,88.0,81.0,80.0])\n(0.0,[86.0,94.0,84.0,88.0,90.0,82.0,82.0,91.0,92.0,91.0])\n(0.0,[94.0,84.0,94.0,82.0,92.0,91.0,80.0,92.0,89.0,83.0])\n(0.0,[94.0,84.0,88.0,82.0,92.0,82.0,80.0,85.0,80.0,85.0])\n(0.0,[81.0,91.0,84.0,88.0,80.0,86.0,89.0,84.0,86.0,89.0])\n(1.0,[89.0,90.0,91.0,92.0,93.0,94.0,95.0,96.0,97.0,98.0])\n(1.0,[99.0,100.0,101.0,102.0,103.0,104.0,105.0,106.0,107.0,108.0])\n(0.0,[89.0,93.0,88.0,90.0,91.0,93.0,91.0,85.0,85.0,94.0])\n(0.0,[81.0,82.0,85.0,87.0,86.0,83.0,80.0,86.0,89.0,85.0])\n(0.0,[93.0,90.0,91.0,83.0,85.0,84.0,91.0,86.0,94.0,80.0])\n(0.0,[83.0,84.0,94.0,84.0,81.0,87.0,89.0,87.0,83.0,83.0])\n(0.0,[94.0,91.0,88.0,85.0,88.0,80.0,82.0,82.0,87.0,80.0])\n(0.0,[92.0,89.0,83.0,86.0,91.0,82.0,88.0,89.0,82.0,80.0])\n*********************************************************\ndeviceLogTestData: org.apache.spark.rdd.RDD[org.apache.spark.mllib.regression.LabeledPoint] \u003d ParallelCollectionRDD[11] at parallelize at \u003cconsole\u003e:73\n(0.0,[84.0,85.0,94.0,83.0,85.0,88.0,91.0,93.0,85.0,92.0])\n(0.0,[81.0,93.0,90.0,85.0,87.0,93.0,91.0,90.0,82.0,86.0])\n(0.0,[93.0,92.0,82.0,93.0,80.0,89.0,86.0,81.0,82.0,89.0])\n(0.0,[91.0,90.0,94.0,80.0,90.0,80.0,90.0,81.0,90.0,85.0])\n(1.0,[80.0,81.0,82.0,83.0,84.0,85.0,86.0,87.0,88.0,89.0])\n(1.0,[90.0,91.0,92.0,93.0,94.0,95.0,96.0,97.0,98.0,99.0])\n(1.0,[80.0,81.0,82.0,83.0,84.0,85.0,86.0,87.0,88.0,89.0])\n(1.0,[90.0,91.0,92.0,93.0,94.0,95.0,96.0,97.0,98.0,99.0])\n(0.0,[82.0,82.0,85.0,80.0,87.0,80.0,87.0,85.0,82.0,89.0])\n(0.0,[94.0,88.0,82.0,94.0,94.0,87.0,82.0,89.0,89.0,89.0])\n(0.0,[86.0,89.0,90.0,88.0,86.0,81.0,85.0,88.0,90.0,83.0])\n(0.0,[88.0,85.0,86.0,88.0,80.0,90.0,82.0,83.0,89.0,83.0])\n(1.0,[80.0,81.0,82.0,83.0,84.0,85.0,86.0,87.0,88.0,89.0])\n(1.0,[90.0,91.0,92.0,93.0,94.0,95.0,96.0,97.0,98.0,99.0])\n(1.0,[80.0,81.0,82.0,83.0,84.0,85.0,86.0,87.0,88.0,89.0])\n(1.0,[90.0,91.0,92.0,93.0,94.0,95.0,96.0,97.0,98.0,99.0])\n(0.0,[89.0,90.0,88.0,85.0,83.0,89.0,89.0,84.0,92.0,93.0])\n(0.0,[94.0,89.0,82.0,94.0,91.0,88.0,86.0,83.0,85.0,85.0])\n(0.0,[82.0,81.0,82.0,87.0,80.0,87.0,87.0,87.0,83.0,82.0])\n(0.0,[93.0,80.0,87.0,89.0,94.0,86.0,93.0,94.0,83.0,85.0])\n(0.0,[89.0,89.0,89.0,80.0,85.0,92.0,93.0,86.0,81.0,83.0])\n(0.0,[91.0,91.0,83.0,91.0,85.0,85.0,81.0,88.0,92.0,81.0])\n(0.0,[83.0,85.0,92.0,87.0,94.0,92.0,94.0,85.0,81.0,86.0])\n(0.0,[91.0,84.0,80.0,90.0,80.0,94.0,90.0,86.0,81.0,81.0])\n(0.0,[84.0,84.0,80.0,94.0,93.0,81.0,94.0,88.0,93.0,82.0])\n(0.0,[85.0,85.0,81.0,85.0,84.0,88.0,84.0,86.0,89.0,89.0])\n(0.0,[81.0,93.0,94.0,82.0,88.0,81.0,83.0,91.0,88.0,83.0])\n(0.0,[85.0,92.0,89.0,85.0,89.0,80.0,87.0,86.0,91.0,87.0])\n(1.0,[80.0,81.0,82.0,83.0,84.0,85.0,86.0,87.0,88.0,89.0])\n(1.0,[90.0,91.0,92.0,93.0,94.0,95.0,96.0,97.0,98.0,99.0])\n(1.0,[80.0,81.0,82.0,83.0,84.0,85.0,86.0,87.0,88.0,89.0])\n(1.0,[90.0,91.0,92.0,93.0,94.0,95.0,96.0,97.0,98.0,99.0])\n(0.0,[80.0,94.0,83.0,80.0,94.0,82.0,85.0,81.0,88.0,87.0])\n(0.0,[83.0,84.0,94.0,85.0,86.0,81.0,85.0,83.0,80.0,94.0])\n(1.0,[80.0,81.0,82.0,83.0,84.0,85.0,86.0,87.0,88.0,89.0])\n(1.0,[90.0,91.0,92.0,93.0,94.0,95.0,96.0,97.0,98.0,99.0])\n(1.0,[80.0,81.0,82.0,83.0,84.0,85.0,86.0,87.0,88.0,89.0])\n(1.0,[90.0,91.0,92.0,93.0,94.0,95.0,96.0,97.0,98.0,99.0])\n(0.0,[82.0,94.0,93.0,84.0,88.0,88.0,93.0,80.0,89.0,91.0])\n(0.0,[86.0,92.0,81.0,88.0,86.0,80.0,94.0,85.0,80.0,83.0])\n(0.0,[85.0,82.0,93.0,88.0,94.0,80.0,94.0,91.0,89.0,93.0])\n(0.0,[93.0,83.0,83.0,93.0,84.0,81.0,85.0,91.0,90.0,83.0])\n(0.0,[82.0,85.0,82.0,87.0,81.0,89.0,80.0,91.0,87.0,80.0])\n(0.0,[94.0,82.0,82.0,86.0,91.0,83.0,89.0,94.0,81.0,94.0])\n(0.0,[92.0,94.0,81.0,87.0,90.0,85.0,87.0,88.0,80.0,80.0])\n(0.0,[87.0,89.0,94.0,93.0,89.0,88.0,83.0,88.0,93.0,93.0])\n(1.0,[80.0,81.0,82.0,83.0,84.0,85.0,86.0,87.0,88.0,89.0])\n(1.0,[90.0,91.0,92.0,93.0,94.0,95.0,96.0,97.0,98.0,99.0])\n(0.0,[87.0,91.0,84.0,85.0,81.0,88.0,85.0,93.0,80.0,81.0])\n(0.0,[86.0,85.0,84.0,82.0,94.0,84.0,84.0,84.0,90.0,91.0])\n(0.0,[83.0,94.0,89.0,90.0,92.0,83.0,85.0,91.0,91.0,89.0])\n(0.0,[91.0,81.0,85.0,83.0,91.0,87.0,82.0,80.0,83.0,93.0])\n(1.0,[80.0,81.0,82.0,83.0,84.0,85.0,86.0,87.0,88.0,89.0])\n(1.0,[90.0,91.0,92.0,93.0,94.0,95.0,96.0,97.0,98.0,99.0])\n(0.0,[91.0,90.0,93.0,88.0,88.0,84.0,84.0,94.0,87.0,91.0])\n(0.0,[85.0,84.0,90.0,82.0,89.0,88.0,90.0,93.0,80.0,91.0])\n(0.0,[93.0,92.0,85.0,94.0,82.0,82.0,83.0,80.0,92.0,85.0])\n(0.0,[82.0,89.0,88.0,81.0,94.0,81.0,84.0,93.0,85.0,84.0])\n(0.0,[80.0,91.0,80.0,82.0,83.0,92.0,84.0,82.0,88.0,83.0])\n(0.0,[91.0,83.0,89.0,82.0,92.0,83.0,87.0,92.0,93.0,89.0])\n(1.0,[80.0,81.0,82.0,83.0,84.0,85.0,86.0,87.0,88.0,89.0])\n(1.0,[90.0,91.0,92.0,93.0,94.0,95.0,96.0,97.0,98.0,99.0])\n(0.0,[90.0,90.0,80.0,81.0,84.0,86.0,85.0,80.0,81.0,82.0])\n(0.0,[86.0,84.0,85.0,82.0,94.0,86.0,80.0,81.0,90.0,84.0])\n(0.0,[81.0,86.0,90.0,89.0,86.0,94.0,80.0,81.0,87.0,89.0])\n(0.0,[91.0,81.0,84.0,84.0,94.0,93.0,83.0,91.0,81.0,89.0])\n(0.0,[86.0,93.0,94.0,81.0,85.0,89.0,84.0,89.0,94.0,82.0])\n(0.0,[92.0,94.0,93.0,94.0,94.0,93.0,88.0,83.0,85.0,80.0])\n(0.0,[91.0,80.0,93.0,89.0,85.0,86.0,87.0,84.0,93.0,85.0])\n(0.0,[84.0,85.0,80.0,85.0,85.0,84.0,84.0,85.0,93.0,87.0])\n(0.0,[86.0,91.0,83.0,90.0,82.0,94.0,81.0,82.0,92.0,89.0])\n(0.0,[88.0,94.0,93.0,81.0,88.0,85.0,94.0,91.0,83.0,90.0])\n(0.0,[81.0,87.0,83.0,81.0,92.0,81.0,85.0,85.0,88.0,91.0])\n(0.0,[81.0,86.0,89.0,82.0,85.0,91.0,84.0,90.0,90.0,90.0])\n(1.0,[80.0,81.0,82.0,83.0,84.0,85.0,86.0,87.0,88.0,89.0])\n(1.0,[90.0,91.0,92.0,93.0,94.0,95.0,96.0,97.0,98.0,99.0])\n(0.0,[87.0,89.0,92.0,90.0,92.0,89.0,89.0,83.0,88.0,94.0])\n(0.0,[81.0,89.0,86.0,91.0,89.0,86.0,90.0,80.0,92.0,85.0])\n(0.0,[94.0,82.0,93.0,88.0,87.0,90.0,92.0,80.0,87.0,83.0])\n(0.0,[91.0,94.0,84.0,81.0,81.0,86.0,80.0,88.0,86.0,93.0])\n(0.0,[89.0,90.0,88.0,80.0,87.0,80.0,87.0,82.0,83.0,93.0])\n(0.0,[94.0,92.0,82.0,83.0,88.0,92.0,90.0,92.0,88.0,81.0])\n(0.0,[90.0,89.0,87.0,85.0,90.0,91.0,81.0,85.0,85.0,84.0])\n(0.0,[84.0,89.0,82.0,82.0,83.0,93.0,86.0,88.0,87.0,88.0])\n(0.0,[94.0,83.0,86.0,88.0,90.0,80.0,87.0,80.0,89.0,91.0])\n(0.0,[91.0,93.0,90.0,83.0,89.0,84.0,93.0,86.0,89.0,87.0])\n(1.0,[80.0,81.0,82.0,83.0,84.0,85.0,86.0,87.0,88.0,89.0])\n(1.0,[90.0,91.0,92.0,93.0,94.0,95.0,96.0,97.0,98.0,99.0])\n(1.0,[80.0,81.0,82.0,83.0,84.0,85.0,86.0,87.0,88.0,89.0])\n(1.0,[90.0,91.0,92.0,93.0,94.0,95.0,96.0,97.0,98.0,99.0])\n(1.0,[80.0,81.0,82.0,83.0,84.0,85.0,86.0,87.0,88.0,89.0])\n(1.0,[90.0,91.0,92.0,93.0,94.0,95.0,96.0,97.0,98.0,99.0])\n(0.0,[89.0,83.0,88.0,92.0,84.0,93.0,86.0,80.0,81.0,84.0])\n(0.0,[92.0,83.0,91.0,83.0,94.0,88.0,82.0,85.0,90.0,89.0])\n(1.0,[80.0,81.0,82.0,83.0,84.0,85.0,86.0,87.0,88.0,89.0])\n(1.0,[90.0,91.0,92.0,93.0,94.0,95.0,96.0,97.0,98.0,99.0])\n(1.0,[80.0,81.0,82.0,83.0,84.0,85.0,86.0,87.0,88.0,89.0])\n(1.0,[90.0,91.0,92.0,93.0,94.0,95.0,96.0,97.0,98.0,99.0])\n(1.0,[80.0,81.0,82.0,83.0,84.0,85.0,86.0,87.0,88.0,89.0])\n(1.0,[90.0,91.0,92.0,93.0,94.0,95.0,96.0,97.0,98.0,99.0])\n(1.0,[80.0,81.0,82.0,83.0,84.0,85.0,86.0,87.0,88.0,89.0])\n(1.0,[90.0,91.0,92.0,93.0,94.0,95.0,96.0,97.0,98.0,99.0])\n(0.0,[87.0,90.0,83.0,80.0,88.0,86.0,90.0,94.0,82.0,89.0])\n(0.0,[92.0,80.0,94.0,93.0,91.0,84.0,84.0,86.0,83.0,83.0])\n(0.0,[80.0,82.0,83.0,91.0,83.0,80.0,90.0,87.0,92.0,86.0])\n(0.0,[87.0,88.0,87.0,92.0,80.0,94.0,94.0,94.0,88.0,94.0])\n(0.0,[80.0,89.0,88.0,94.0,94.0,80.0,88.0,80.0,87.0,89.0])\n(0.0,[87.0,88.0,93.0,88.0,80.0,85.0,84.0,91.0,88.0,83.0])\n(0.0,[80.0,87.0,92.0,88.0,90.0,91.0,94.0,86.0,90.0,89.0])\n(0.0,[87.0,81.0,91.0,81.0,80.0,88.0,88.0,94.0,89.0,89.0])\n(0.0,[88.0,80.0,92.0,88.0,86.0,90.0,87.0,87.0,80.0,91.0])\n(0.0,[92.0,93.0,87.0,85.0,92.0,94.0,84.0,81.0,84.0,80.0])\n(0.0,[86.0,88.0,92.0,94.0,86.0,87.0,91.0,88.0,89.0,81.0])\n(0.0,[90.0,89.0,92.0,81.0,90.0,91.0,91.0,82.0,84.0,80.0])\n(0.0,[85.0,87.0,88.0,84.0,92.0,89.0,94.0,89.0,90.0,87.0])\n(0.0,[90.0,91.0,91.0,86.0,93.0,88.0,86.0,87.0,88.0,94.0])\n(0.0,[89.0,80.0,90.0,84.0,93.0,84.0,80.0,91.0,94.0,85.0])\n(0.0,[81.0,82.0,80.0,80.0,83.0,94.0,87.0,92.0,82.0,87.0])\n(0.0,[94.0,90.0,89.0,89.0,89.0,85.0,82.0,80.0,81.0,81.0])\n(0.0,[94.0,94.0,85.0,80.0,85.0,87.0,92.0,84.0,84.0,91.0])\n(0.0,[80.0,85.0,82.0,80.0,80.0,83.0,82.0,89.0,84.0,81.0])\n(0.0,[80.0,81.0,92.0,86.0,88.0,80.0,91.0,86.0,82.0,85.0])\n(0.0,[84.0,82.0,84.0,85.0,91.0,87.0,84.0,92.0,82.0,81.0])\n(0.0,[92.0,85.0,90.0,90.0,82.0,82.0,91.0,91.0,89.0,82.0])\n(0.0,[83.0,87.0,87.0,85.0,82.0,87.0,88.0,80.0,87.0,89.0])\n(0.0,[81.0,80.0,94.0,88.0,87.0,89.0,91.0,80.0,81.0,91.0])\n(0.0,[86.0,85.0,90.0,86.0,88.0,84.0,81.0,80.0,81.0,80.0])\n(0.0,[84.0,88.0,90.0,89.0,84.0,89.0,93.0,84.0,89.0,83.0])\n(0.0,[94.0,92.0,88.0,93.0,80.0,84.0,82.0,80.0,94.0,89.0])\n(0.0,[91.0,91.0,91.0,92.0,82.0,92.0,92.0,89.0,80.0,81.0])\n(0.0,[87.0,92.0,81.0,83.0,85.0,86.0,82.0,82.0,84.0,85.0])\n(0.0,[80.0,86.0,88.0,85.0,88.0,80.0,84.0,82.0,86.0,91.0])\n(0.0,[82.0,90.0,84.0,90.0,94.0,94.0,81.0,93.0,87.0,86.0])\n(0.0,[85.0,80.0,81.0,82.0,83.0,84.0,85.0,86.0,87.0,88.0])\n(1.0,[99.0,100.0,101.0,102.0,103.0,104.0,105.0,106.0,107.0,108.0])\n(0.0,[91.0,87.0,80.0,91.0,84.0,84.0,84.0,92.0,90.0,84.0])\n(0.0,[90.0,91.0,90.0,87.0,81.0,92.0,88.0,90.0,84.0,89.0])\n(0.0,[94.0,89.0,89.0,87.0,80.0,92.0,86.0,82.0,92.0,80.0])\n(0.0,[80.0,94.0,89.0,90.0,80.0,90.0,83.0,83.0,85.0,94.0])\n(0.0,[87.0,82.0,94.0,84.0,89.0,82.0,87.0,88.0,81.0,87.0])\n(0.0,[87.0,87.0,94.0,81.0,89.0,84.0,94.0,82.0,91.0,94.0])\n(0.0,[90.0,82.0,94.0,91.0,88.0,85.0,91.0,89.0,88.0,81.0])\n(0.0,[90.0,94.0,81.0,89.0,91.0,85.0,82.0,89.0,81.0,87.0])\n(0.0,[83.0,91.0,94.0,86.0,81.0,94.0,81.0,94.0,90.0,90.0])\n(0.0,[84.0,80.0,81.0,82.0,83.0,84.0,85.0,86.0,87.0,88.0])\n(1.0,[99.0,103.0,97.0,100.0,101.0,104.0,105.0,106.0,107.0,108.0])\n(0.0,[91.0,94.0,82.0,92.0,87.0,92.0,85.0,80.0,82.0,81.0])\n(0.0,[91.0,81.0,80.0,82.0,90.0,90.0,90.0,92.0,90.0,87.0])\n(0.0,[91.0,93.0,81.0,90.0,82.0,92.0,86.0,88.0,84.0,81.0])\n(0.0,[84.0,91.0,83.0,90.0,89.0,91.0,84.0,91.0,89.0,93.0])\n(0.0,[91.0,93.0,93.0,92.0,91.0,89.0,90.0,86.0,94.0,88.0])\n(0.0,[88.0,88.0,94.0,91.0,90.0,91.0,81.0,89.0,84.0,84.0])\n(0.0,[93.0,82.0,85.0,90.0,80.0,80.0,82.0,86.0,84.0,84.0])\n(0.0,[86.0,80.0,90.0,84.0,83.0,93.0,94.0,84.0,84.0,89.0])\n(1.0,[87.0,88.0,89.0,90.0,91.0,92.0,93.0,94.0,95.0,96.0])\n(1.0,[97.0,98.0,99.0,100.0,101.0,102.0,103.0,104.0,105.0,106.0])\n(0.0,[80.0,84.0,86.0,89.0,86.0,88.0,86.0,88.0,85.0,87.0])\n(0.0,[80.0,81.0,93.0,81.0,93.0,81.0,93.0,86.0,88.0,89.0])\n(0.0,[92.0,91.0,84.0,84.0,93.0,92.0,84.0,94.0,93.0,80.0])\n(0.0,[90.0,81.0,90.0,94.0,91.0,94.0,89.0,86.0,91.0,87.0])\n(0.0,[89.0,88.0,94.0,84.0,92.0,81.0,82.0,85.0,89.0,89.0])\n(0.0,[80.0,94.0,93.0,87.0,92.0,80.0,92.0,89.0,91.0,90.0])\n(0.0,[92.0,86.0,81.0,92.0,91.0,85.0,93.0,88.0,91.0,83.0])\n(0.0,[84.0,90.0,84.0,94.0,85.0,92.0,91.0,85.0,82.0,80.0])\n(1.0,[87.0,88.0,89.0,90.0,91.0,92.0,93.0,94.0,95.0,96.0])\n(1.0,[97.0,99.0,101.0,103.0,105.0,98.0,100.0,102.0,104.0,106.0])\n(0.0,[93.0,86.0,85.0,92.0,94.0,88.0,86.0,84.0,87.0,87.0])\n(0.0,[88.0,92.0,83.0,92.0,82.0,89.0,82.0,83.0,93.0,86.0])\n(0.0,[80.0,89.0,80.0,87.0,85.0,80.0,91.0,84.0,91.0,87.0])\n(0.0,[81.0,84.0,89.0,92.0,87.0,84.0,81.0,82.0,88.0,85.0])\n(0.0,[90.0,90.0,80.0,84.0,88.0,88.0,86.0,90.0,85.0,82.0])\n(0.0,[94.0,83.0,87.0,88.0,89.0,88.0,91.0,90.0,91.0,83.0])\ntrainingScaler: org.apache.spark.mllib.feature.StandardScalerModel \u003d org.apache.spark.mllib.feature.StandardScalerModel@7077cc73\nscaledDeviceLogTrainData: org.apache.spark.rdd.RDD[org.apache.spark.mllib.regression.LabeledPoint] \u003d MapPartitionsRDD[14] at map at \u003cconsole\u003e:61\nres29: scaledDeviceLogTrainData.type \u003d MapPartitionsRDD[14] at map at \u003cconsole\u003e:61\ntestingScaler: org.apache.spark.mllib.feature.StandardScalerModel \u003d org.apache.spark.mllib.feature.StandardScalerModel@b3ed69\nscaledDeviceLogTestData: org.apache.spark.rdd.RDD[org.apache.spark.mllib.regression.LabeledPoint] \u003d MapPartitionsRDD[17] at map at \u003cconsole\u003e:61\nres32: org.apache.spark.rdd.RDD[org.apache.spark.mllib.regression.LabeledPoint] \u003d MapPartitionsRDD[17] at map at \u003cconsole\u003e:61\nmodel_lr: org.apache.spark.mllib.classification.SVMModel \u003d org.apache.spark.mllib.classification.SVMModel: intercept \u003d 0.0, numFeatures \u003d 10, numClasses \u003d 2, threshold \u003d 0.0\nres37: model_lr.type \u003d org.apache.spark.mllib.classification.SVMModel: intercept \u003d 0.0, numFeatures \u003d 10, numClasses \u003d 2, threshold \u003d None\nres38: model_lr.type \u003d org.apache.spark.mllib.classification.SVMModel: intercept \u003d 0.0, numFeatures \u003d 10, numClasses \u003d 2, threshold \u003d 1.185\nlabelsAndPreds_lr: org.apache.spark.rdd.RDD[(Double, Double, org.apache.spark.mllib.linalg.Vector)] \u003d MapPartitionsRDD[1021] at map at \u003cconsole\u003e:67\nlabelsAndPreds_lr: org.apache.spark.rdd.RDD[(Double, Double, org.apache.spark.mllib.linalg.Vector)] \u003d MapPartitionsRDD[1022] at map at \u003cconsole\u003e:82\n(0.0,0.0,[-0.5878705774819745,-0.46718005148687736,1.297900681666204,-0.8806276548399213,-0.5949296117859384,0.013488000661952276,0.5391459524118781,0.8529750051342334,-0.6516248150233209,0.5423342755434343])\n(0.0,0.0,[-1.1921359519455141,1.1479952018948898,0.5041623092338932,-0.47617383205629965,-0.20211620208466904,0.9801280481018882,0.5391459524118781,0.31818144176939117,-1.1803015517403532,-0.4447714958160472])\n(0.0,0.0,[1.2249255459086446,0.9460982952221689,-1.0833144356307283,1.141641459078187,-1.5769631360391119,0.20681601014993947,-0.4148983255186116,-1.2861992483251357,-1.1803015517403532,0.04878138986369357])\n(0.0,0.0,[0.8220819629329514,0.5423044818767271,1.297900681666204,-1.4873083890153538,0.387103912467235,-1.5331360752419454,0.3483370968257802,-1.2861992483251357,0.22950307950506615,-0.6092891243759608])\n(0.0,1.0,[-1.3935577434333608,-1.2747676781777608,-1.0833144356307283,-0.8806276548399213,-0.7913363166365731,-0.5664960278020094,-0.4148983255186116,-0.2166121215954511,-0.12294807830628866,0.04878138986369357])\n(1.0,1.0,[0.6206601714451049,0.7442013885494481,0.9010314954500486,1.141641459078187,1.1727307318697737,1.3667840670778626,1.4931902303423679,1.5660330896206898,1.6393077107504854,1.6939576754628294])\n(0.0,1.0,[-1.3935577434333608,-1.2747676781777608,-1.0833144356307283,-0.8806276548399213,-0.7913363166365731,-0.5664960278020094,-0.4148983255186116,-0.2166121215954511,-0.12294807830628866,0.04878138986369357])\n(1.0,1.0,[0.6206601714451049,0.7442013885494481,0.9010314954500486,1.141641459078187,1.1727307318697737,1.3667840670778626,1.4931902303423679,1.5660330896206898,1.6393077107504854,1.6939576754628294])\n(0.0,0.0,[-0.9907141604576676,-1.07287077150504,-0.4880106563064952,-1.4873083890153538,-0.20211620208466904,-1.5331360752419454,-0.22408946993251366,-0.5731411638386793,-1.1803015517403532,0.04878138986369357])\n(0.0,0.0,[1.426347337396491,0.13851066853128532,-1.0833144356307283,1.3438683704699976,1.1727307318697737,-0.17984000882603493,-1.1781337478630034,0.13991692064777708,0.05327750059938875,0.04878138986369357])\n(0.0,0.0,[-0.18502699450628138,0.3404075752040062,0.5041623092338932,0.1305069021191328,-0.39852290693530373,-1.3398080657539582,-0.6057071811047096,-0.038347600473837,0.22950307950506615,-0.938324381495788])\n(0.0,0.0,[0.21781658846941174,-0.46718005148687736,-0.2895760631984175,0.1305069021191328,-1.5769631360391119,0.4001440196379267,-1.1781337478630034,-0.9296702060819074,0.05327750059938875,-0.938324381495788])\n(0.0,1.0,[-1.3935577434333608,-1.2747676781777608,-1.0833144356307283,-0.8806276548399213,-0.7913363166365731,-0.5664960278020094,-0.4148983255186116,-0.2166121215954511,-0.12294807830628866,0.04878138986369357])\n(1.0,1.0,[0.6206601714451049,0.7442013885494481,0.9010314954500486,1.141641459078187,1.1727307318697737,1.3667840670778626,1.4931902303423679,1.5660330896206898,1.6393077107504854,1.6939576754628294])\n(0.0,1.0,[-1.3935577434333608,-1.2747676781777608,-1.0833144356307283,-0.8806276548399213,-0.7913363166365731,-0.5664960278020094,-0.4148983255186116,-0.2166121215954511,-0.12294807830628866,0.04878138986369357])\n(1.0,1.0,[0.6206601714451049,0.7442013885494481,0.9010314954500486,1.141641459078187,1.1727307318697737,1.3667840670778626,1.4931902303423679,1.5660330896206898,1.6393077107504854,1.6939576754628294])\n(0.0,0.0,[0.41923837995725827,0.5423044818767271,0.10729312301773784,-0.47617383205629965,-0.9877430214872078,0.20681601014993947,0.15752824123968223,-0.7514056849602934,0.581954237316421,0.7068519041033479])\n(0.0,0.0,[1.426347337396491,0.3404075752040062,-1.0833144356307283,1.3438683704699976,0.5835106173178697,0.013488000661952276,-0.4148983255186116,-0.9296702060819074,-0.6516248150233209,-0.6092891243759608])\n(0.0,0.0,[-0.9907141604576676,-1.2747676781777608,-1.0833144356307283,-0.07172000927267802,-1.5769631360391119,-0.17984000882603493,-0.22408946993251366,-0.2166121215954511,-1.0040759728346758,-1.1028420100557015])\n(0.0,0.0,[1.2249255459086446,-1.4766645848504818,-0.09114147009033984,0.3327338135109436,1.1727307318697737,-0.37316801831402213,0.920763663584074,1.0312395262558476,-1.0040759728346758,-0.6092891243759608])\n(0.0,0.0,[0.41923837995725827,0.3404075752040062,0.3057277161258155,-1.4873083890153538,-0.5949296117859384,0.7868000386139011,0.920763663584074,-0.3948766427170652,-1.3565271306460305,-0.938324381495788])\n(0.0,0.0,[0.8220819629329514,0.7442013885494481,-0.8848798425226505,0.7371876362945652,-0.5949296117859384,-0.5664960278020094,-1.3689426034491012,-0.038347600473837,0.581954237316421,-1.2673596386156152])\n(0.0,0.0,[-0.789292368969821,-0.46718005148687736,0.9010314954500486,-0.07172000927267802,1.1727307318697737,0.7868000386139011,1.111572519170172,-0.5731411638386793,-1.3565271306460305,-0.4447714958160472])\n(0.0,0.0,[0.8220819629329514,-0.6690769581595982,-1.4801836218468836,0.5349607249027544,-1.5769631360391119,1.1734560575898756,0.3483370968257802,-0.3948766427170652,-1.3565271306460305,-1.2673596386156152])\n(0.0,0.0,[-0.5878705774819745,-0.6690769581595982,-1.4801836218468836,1.3438683704699976,0.9763240270191391,-1.3398080657539582,1.111572519170172,-0.038347600473837,0.7581798162220984,-1.1028420100557015])\n(0.0,0.0,[-0.38644878599412796,-0.46718005148687736,-1.2817490287388058,-0.47617383205629965,-0.7913363166365731,0.013488000661952276,-0.7965160366908075,-0.3948766427170652,0.05327750059938875,0.04878138986369357])\n(0.0,0.0,[-1.1921359519455141,1.1479952018948898,1.297900681666204,-1.0828545662317322,-0.005709497234034362,-1.3398080657539582,-0.9873248922769055,0.4964459628910053,-0.12294807830628866,-0.938324381495788])\n(0.0,0.0,[-0.38644878599412796,0.9460982952221689,0.3057277161258155,-0.47617383205629965,0.19069720761660033,-1.5331360752419454,-0.22408946993251366,-0.3948766427170652,0.40572865841074357,-0.2802538672561336])\n(0.0,1.0,[-1.3935577434333608,-1.2747676781777608,-1.0833144356307283,-0.8806276548399213,-0.7913363166365731,-0.5664960278020094,-0.4148983255186116,-0.2166121215954511,-0.12294807830628866,0.04878138986369357])\n(1.0,1.0,[0.6206601714451049,0.7442013885494481,0.9010314954500486,1.141641459078187,1.1727307318697737,1.3667840670778626,1.4931902303423679,1.5660330896206898,1.6393077107504854,1.6939576754628294])\n(0.0,1.0,[-1.3935577434333608,-1.2747676781777608,-1.0833144356307283,-0.8806276548399213,-0.7913363166365731,-0.5664960278020094,-0.4148983255186116,-0.2166121215954511,-0.12294807830628866,0.04878138986369357])\n(1.0,1.0,[0.6206601714451049,0.7442013885494481,0.9010314954500486,1.141641459078187,1.1727307318697737,1.3667840670778626,1.4931902303423679,1.5660330896206898,1.6393077107504854,1.6939576754628294])\n(0.0,0.0,[-1.3935577434333608,1.3498921085676108,-0.8848798425226505,-1.4873083890153538,1.1727307318697737,-1.146480056265971,-0.6057071811047096,-1.2861992483251357,-0.12294807830628866,-0.2802538672561336])\n(0.0,0.0,[-0.789292368969821,-0.6690769581595982,1.297900681666204,-0.47617383205629965,-0.39852290693530373,-1.3398080657539582,-0.6057071811047096,-0.9296702060819074,-1.532752709551708,0.8713695326632614])\n(0.0,1.0,[-1.3935577434333608,-1.2747676781777608,-1.0833144356307283,-0.8806276548399213,-0.7913363166365731,-0.5664960278020094,-0.4148983255186116,-0.2166121215954511,-0.12294807830628866,0.04878138986369357])\n(1.0,1.0,[0.6206601714451049,0.7442013885494481,0.9010314954500486,1.141641459078187,1.1727307318697737,1.3667840670778626,1.4931902303423679,1.5660330896206898,1.6393077107504854,1.6939576754628294])\n(0.0,1.0,[-1.3935577434333608,-1.2747676781777608,-1.0833144356307283,-0.8806276548399213,-0.7913363166365731,-0.5664960278020094,-0.4148983255186116,-0.2166121215954511,-0.12294807830628866,0.04878138986369357])\n(1.0,1.0,[0.6206601714451049,0.7442013885494481,0.9010314954500486,1.141641459078187,1.1727307318697737,1.3667840670778626,1.4931902303423679,1.5660330896206898,1.6393077107504854,1.6939576754628294])\n(0.0,0.0,[-0.9907141604576676,1.3498921085676108,1.0994660885581262,-0.6784007434481105,-0.005709497234034362,0.013488000661952276,0.920763663584074,-1.4644637694467497,0.05327750059938875,0.37781664698352074])\n(0.0,0.0,[-0.18502699450628138,0.9460982952221689,-1.2817490287388058,0.1305069021191328,-0.39852290693530373,-1.5331360752419454,1.111572519170172,-0.5731411638386793,-1.532752709551708,-0.938324381495788])\n(1.0,0.0,[-0.38644878599412796,-1.07287077150504,1.0994660885581262,0.1305069021191328,1.1727307318697737,-1.5331360752419454,1.111572519170172,0.4964459628910053,0.05327750059938875,0.7068519041033479])\n(0.0,0.0,[1.2249255459086446,-0.8709738648323191,-0.8848798425226505,1.141641459078187,-0.7913363166365731,-1.3398080657539582,-0.6057071811047096,0.4964459628910053,0.22950307950506615,-0.938324381495788])\n(0.0,0.0,[-0.9907141604576676,-0.46718005148687736,-1.0833144356307283,-0.07172000927267802,-1.3805564311884773,0.20681601014993947,-1.5597514590351993,0.4964459628910053,-0.2991736572119661,-1.4318772671755287])\n(0.0,0.0,[1.426347337396491,-1.07287077150504,-1.0833144356307283,-0.27394692066448884,0.5835106173178697,-0.9531520467779837,0.15752824123968223,1.0312395262558476,-1.3565271306460305,0.8713695326632614])\n(0.0,0.0,[1.0235037544207979,1.3498921085676108,-1.2817490287388058,-0.07172000927267802,0.387103912467235,-0.5664960278020094,-0.22408946993251366,-0.038347600473837,-1.532752709551708,-1.4318772671755287])\n(0.0,0.0,[0.01639479698156518,0.3404075752040062,1.297900681666204,1.141641459078187,0.19069720761660033,0.013488000661952276,-0.9873248922769055,-0.038347600473837,0.7581798162220984,0.7068519041033479])\n(0.0,1.0,[-1.3935577434333608,-1.2747676781777608,-1.0833144356307283,-0.8806276548399213,-0.7913363166365731,-0.5664960278020094,-0.4148983255186116,-0.2166121215954511,-0.12294807830628866,0.04878138986369357])\n(1.0,1.0,[0.6206601714451049,0.7442013885494481,0.9010314954500486,1.141641459078187,1.1727307318697737,1.3667840670778626,1.4931902303423679,1.5660330896206898,1.6393077107504854,1.6939576754628294])\n(0.0,0.0,[0.01639479698156518,0.7442013885494481,-0.6864452494145729,-0.47617383205629965,-1.3805564311884773,0.013488000661952276,-0.6057071811047096,0.8529750051342334,-1.532752709551708,-1.2673596386156152])\n(0.0,0.0,[-0.18502699450628138,-0.46718005148687736,-0.6864452494145729,-1.0828545662317322,1.1727307318697737,-0.7598240372899965,-0.7965160366908075,-0.7514056849602934,0.22950307950506615,0.37781664698352074])\n(0.0,0.0,[-0.789292368969821,1.3498921085676108,0.3057277161258155,0.5349607249027544,0.7799173221685044,-0.9531520467779837,-0.6057071811047096,0.4964459628910053,0.40572865841074357,0.04878138986369357])\n(0.0,0.0,[0.8220819629329514,-1.2747676781777608,-0.4880106563064952,-0.8806276548399213,0.5835106173178697,-0.17984000882603493,-1.1781337478630034,-1.4644637694467497,-1.0040759728346758,0.7068519041033479])\n(0.0,1.0,[-1.3935577434333608,-1.2747676781777608,-1.0833144356307283,-0.8806276548399213,-0.7913363166365731,-0.5664960278020094,-0.4148983255186116,-0.2166121215954511,-0.12294807830628866,0.04878138986369357])\n(1.0,1.0,[0.6206601714451049,0.7442013885494481,0.9010314954500486,1.141641459078187,1.1727307318697737,1.3667840670778626,1.4931902303423679,1.5660330896206898,1.6393077107504854,1.6939576754628294])\n(0.0,0.0,[0.8220819629329514,0.5423044818767271,1.0994660885581262,0.1305069021191328,-0.005709497234034362,-0.7598240372899965,-0.7965160366908075,1.0312395262558476,-0.2991736572119661,0.37781664698352074])\n(0.0,0.0,[-0.38644878599412796,-0.6690769581595982,0.5041623092338932,-1.0828545662317322,0.19069720761660033,0.013488000661952276,0.3483370968257802,0.8529750051342334,-1.532752709551708,0.37781664698352074])\n(0.0,0.0,[1.2249255459086446,0.9460982952221689,-0.4880106563064952,1.3438683704699976,-1.1841497263378424,-1.146480056265971,-0.9873248922769055,-1.4644637694467497,0.581954237316421,-0.6092891243759608])\n(0.0,0.0,[-0.9907141604576676,0.3404075752040062,0.10729312301773784,-1.2850814776235429,1.1727307318697737,-1.3398080657539582,-0.7965160366908075,0.8529750051342334,-0.6516248150233209,-0.7738067529358744])\n(0.0,0.0,[-1.3935577434333608,0.7442013885494481,-1.4801836218468836,-1.0828545662317322,-0.9877430214872078,0.7868000386139011,-0.7965160366908075,-1.1079347272035216,-0.12294807830628866,-0.938324381495788])\n(0.0,0.0,[0.8220819629329514,-0.8709738648323191,0.3057277161258155,-1.0828545662317322,0.7799173221685044,-0.9531520467779837,-0.22408946993251366,0.6747104840126193,0.7581798162220984,0.04878138986369357])\n(0.0,1.0,[-1.3935577434333608,-1.2747676781777608,-1.0833144356307283,-0.8806276548399213,-0.7913363166365731,-0.5664960278020094,-0.4148983255186116,-0.2166121215954511,-0.12294807830628866,0.04878138986369357])\n(1.0,1.0,[0.6206601714451049,0.7442013885494481,0.9010314954500486,1.141641459078187,1.1727307318697737,1.3667840670778626,1.4931902303423679,1.5660330896206898,1.6393077107504854,1.6939576754628294])\n(0.0,0.0,[0.6206601714451049,0.5423044818767271,-1.4801836218468836,-1.2850814776235429,-0.7913363166365731,-0.37316801831402213,-0.6057071811047096,-1.4644637694467497,-1.3565271306460305,-1.1028420100557015])\n(0.0,0.0,[-0.18502699450628138,-0.6690769581595982,-0.4880106563064952,-1.0828545662317322,1.1727307318697737,-0.37316801831402213,-1.5597514590351993,-1.2861992483251357,0.22950307950506615,-0.7738067529358744])\n(0.0,0.0,[-1.1921359519455141,-0.26528314481415644,0.5041623092338932,0.3327338135109436,-0.39852290693530373,1.1734560575898756,-1.5597514590351993,-1.2861992483251357,-0.2991736572119661,0.04878138986369357])\n(0.0,0.0,[0.8220819629329514,-1.2747676781777608,-0.6864452494145729,-0.6784007434481105,1.1727307318697737,0.9801280481018882,-0.9873248922769055,0.4964459628910053,-1.3565271306460305,0.04878138986369357])\n(0.0,0.0,[-0.18502699450628138,1.1479952018948898,1.297900681666204,-1.2850814776235429,-0.5949296117859384,0.20681601014993947,-0.7965160366908075,0.13991692064777708,0.9344053951277759,-1.1028420100557015])\n(0.0,0.0,[1.0235037544207979,1.3498921085676108,1.0994660885581262,1.3438683704699976,1.1727307318697737,0.9801280481018882,-0.03328061434641571,-0.9296702060819074,-0.6516248150233209,-1.4318772671755287])\n(0.0,0.0,[0.8220819629329514,-1.4766645848504818,1.0994660885581262,0.3327338135109436,-0.5949296117859384,-0.37316801831402213,-0.22408946993251366,-0.7514056849602934,0.7581798162220984,-0.6092891243759608])\n(0.0,0.0,[-0.5878705774819745,-0.46718005148687736,-1.4801836218468836,-0.47617383205629965,-0.5949296117859384,-0.7598240372899965,-0.7965160366908075,-0.5731411638386793,0.7581798162220984,-0.2802538672561336])\n(0.0,0.0,[-0.18502699450628138,0.7442013885494481,-0.8848798425226505,0.5349607249027544,-1.1841497263378424,1.1734560575898756,-1.3689426034491012,-1.1079347272035216,0.581954237316421,0.04878138986369357])\n(0.0,0.0,[0.21781658846941174,1.3498921085676108,1.0994660885581262,-1.2850814776235429,-0.005709497234034362,-0.5664960278020094,1.111572519170172,0.4964459628910053,-1.0040759728346758,0.21329901842360716])\n(0.0,0.0,[-1.1921359519455141,-0.06338623814143557,-0.8848798425226505,-1.2850814776235429,0.7799173221685044,-1.3398080657539582,-0.6057071811047096,-0.5731411638386793,-0.12294807830628866,0.37781664698352074])\n(1.0,0.0,[-1.1921359519455141,-0.26528314481415644,0.3057277161258155,-1.0828545662317322,-0.5949296117859384,0.5934720291259139,-0.7965160366908075,0.31818144176939117,0.22950307950506615,0.21329901842360716])\n(0.0,1.0,[-1.3935577434333608,-1.2747676781777608,-1.0833144356307283,-0.8806276548399213,-0.7913363166365731,-0.5664960278020094,-0.4148983255186116,-0.2166121215954511,-0.12294807830628866,0.04878138986369357])\n(1.0,1.0,[0.6206601714451049,0.7442013885494481,0.9010314954500486,1.141641459078187,1.1727307318697737,1.3667840670778626,1.4931902303423679,1.5660330896206898,1.6393077107504854,1.6939576754628294])\n(0.0,0.0,[0.01639479698156518,0.3404075752040062,0.9010314954500486,0.5349607249027544,0.7799173221685044,0.20681601014993947,0.15752824123968223,-0.9296702060819074,-0.12294807830628866,0.8713695326632614])\n(0.0,0.0,[-1.1921359519455141,0.3404075752040062,-0.2895760631984175,0.7371876362945652,0.19069720761660033,-0.37316801831402213,0.3483370968257802,-1.4644637694467497,0.581954237316421,-0.6092891243759608])\n(0.0,0.0,[1.426347337396491,-1.07287077150504,1.0994660885581262,0.1305069021191328,-0.20211620208466904,0.4001440196379267,0.7299548079979761,-1.4644637694467497,-0.2991736572119661,-0.938324381495788])\n(0.0,0.0,[0.8220819629329514,1.3498921085676108,-0.6864452494145729,-1.2850814776235429,-1.3805564311884773,-0.37316801831402213,-1.5597514590351993,-0.038347600473837,-0.4753992361176435,0.7068519041033479])\n(0.0,0.0,[0.41923837995725827,0.5423044818767271,0.10729312301773784,-1.4873083890153538,-0.20211620208466904,-1.5331360752419454,-0.22408946993251366,-1.1079347272035216,-1.0040759728346758,0.7068519041033479])\n(0.0,0.0,[1.426347337396491,0.9460982952221689,-1.0833144356307283,-0.8806276548399213,-0.005709497234034362,0.7868000386139011,0.3483370968257802,0.6747104840126193,-0.12294807830628866,-1.2673596386156152])\n(0.0,0.0,[0.6206601714451049,0.3404075752040062,-0.09114147009033984,-0.47617383205629965,0.387103912467235,0.5934720291259139,-1.3689426034491012,-0.5731411638386793,-0.6516248150233209,-0.7738067529358744])\n(0.0,0.0,[-0.5878705774819745,0.3404075752040062,-1.0833144356307283,-1.0828545662317322,-0.9877430214872078,0.9801280481018882,-0.4148983255186116,-0.038347600473837,-0.2991736572119661,-0.11573623869622002])\n(0.0,0.0,[1.426347337396491,-0.8709738648323191,-0.2895760631984175,0.1305069021191328,0.387103912467235,-1.5331360752419454,-0.22408946993251366,-1.4644637694467497,0.05327750059938875,0.37781664698352074])\n(0.0,0.0,[0.8220819629329514,1.1479952018948898,0.5041623092338932,-0.8806276548399213,0.19069720761660033,-0.7598240372899965,0.920763663584074,-0.3948766427170652,0.05327750059938875,-0.2802538672561336])\n(0.0,1.0,[-1.3935577434333608,-1.2747676781777608,-1.0833144356307283,-0.8806276548399213,-0.7913363166365731,-0.5664960278020094,-0.4148983255186116,-0.2166121215954511,-0.12294807830628866,0.04878138986369357])\n(1.0,1.0,[0.6206601714451049,0.7442013885494481,0.9010314954500486,1.141641459078187,1.1727307318697737,1.3667840670778626,1.4931902303423679,1.5660330896206898,1.6393077107504854,1.6939576754628294])\n(0.0,1.0,[-1.3935577434333608,-1.2747676781777608,-1.0833144356307283,-0.8806276548399213,-0.7913363166365731,-0.5664960278020094,-0.4148983255186116,-0.2166121215954511,-0.12294807830628866,0.04878138986369357])\n(1.0,1.0,[0.6206601714451049,0.7442013885494481,0.9010314954500486,1.141641459078187,1.1727307318697737,1.3667840670778626,1.4931902303423679,1.5660330896206898,1.6393077107504854,1.6939576754628294])\n(0.0,1.0,[-1.3935577434333608,-1.2747676781777608,-1.0833144356307283,-0.8806276548399213,-0.7913363166365731,-0.5664960278020094,-0.4148983255186116,-0.2166121215954511,-0.12294807830628866,0.04878138986369357])\n(1.0,1.0,[0.6206601714451049,0.7442013885494481,0.9010314954500486,1.141641459078187,1.1727307318697737,1.3667840670778626,1.4931902303423679,1.5660330896206898,1.6393077107504854,1.6939576754628294])\n(0.0,0.0,[0.41923837995725827,-0.8709738648323191,0.10729312301773784,0.939414547686376,-0.7913363166365731,0.9801280481018882,-0.4148983255186116,-1.4644637694467497,-1.3565271306460305,-0.7738067529358744])\n(0.0,0.0,[1.0235037544207979,-0.8709738648323191,0.7025969023419709,-0.8806276548399213,1.1727307318697737,0.013488000661952276,-1.1781337478630034,-0.5731411638386793,0.22950307950506615,0.04878138986369357])\n(0.0,1.0,[-1.3935577434333608,-1.2747676781777608,-1.0833144356307283,-0.8806276548399213,-0.7913363166365731,-0.5664960278020094,-0.4148983255186116,-0.2166121215954511,-0.12294807830628866,0.04878138986369357])\n(1.0,1.0,[0.6206601714451049,0.7442013885494481,0.9010314954500486,1.141641459078187,1.1727307318697737,1.3667840670778626,1.4931902303423679,1.5660330896206898,1.6393077107504854,1.6939576754628294])\n(0.0,1.0,[-1.3935577434333608,-1.2747676781777608,-1.0833144356307283,-0.8806276548399213,-0.7913363166365731,-0.5664960278020094,-0.4148983255186116,-0.2166121215954511,-0.12294807830628866,0.04878138986369357])\n(1.0,1.0,[0.6206601714451049,0.7442013885494481,0.9010314954500486,1.141641459078187,1.1727307318697737,1.3667840670778626,1.4931902303423679,1.5660330896206898,1.6393077107504854,1.6939576754628294])\n(0.0,1.0,[-1.3935577434333608,-1.2747676781777608,-1.0833144356307283,-0.8806276548399213,-0.7913363166365731,-0.5664960278020094,-0.4148983255186116,-0.2166121215954511,-0.12294807830628866,0.04878138986369357])\n(1.0,1.0,[0.6206601714451049,0.7442013885494481,0.9010314954500486,1.141641459078187,1.1727307318697737,1.3667840670778626,1.4931902303423679,1.5660330896206898,1.6393077107504854,1.6939576754628294])\n(0.0,1.0,[-1.3935577434333608,-1.2747676781777608,-1.0833144356307283,-0.8806276548399213,-0.7913363166365731,-0.5664960278020094,-0.4148983255186116,-0.2166121215954511,-0.12294807830628866,0.04878138986369357])\n(1.0,1.0,[0.6206601714451049,0.7442013885494481,0.9010314954500486,1.141641459078187,1.1727307318697737,1.3667840670778626,1.4931902303423679,1.5660330896206898,1.6393077107504854,1.6939576754628294])\n(0.0,0.0,[0.01639479698156518,0.5423044818767271,-0.8848798425226505,-1.4873083890153538,-0.005709497234034362,-0.37316801831402213,0.3483370968257802,1.0312395262558476,-1.1803015517403532,0.04878138986369357])\n(0.0,0.0,[1.0235037544207979,-1.4766645848504818,1.297900681666204,1.141641459078187,0.5835106173178697,-0.7598240372899965,-0.7965160366908075,-0.3948766427170652,-1.0040759728346758,-0.938324381495788])\n(0.0,0.0,[-1.3935577434333608,-1.07287077150504,-0.8848798425226505,0.7371876362945652,-0.9877430214872078,-1.5331360752419454,0.3483370968257802,-0.2166121215954511,0.581954237316421,-0.4447714958160472])\n(1.0,0.0,[0.01639479698156518,0.13851066853128532,-0.09114147009033984,0.939414547686376,-1.5769631360391119,1.1734560575898756,1.111572519170172,1.0312395262558476,-0.12294807830628866,0.8713695326632614])\n(0.0,0.0,[-1.3935577434333608,0.3404075752040062,0.10729312301773784,1.3438683704699976,1.1727307318697737,-1.5331360752419454,-0.03328061434641571,-1.4644637694467497,-0.2991736572119661,0.04878138986369357])\n(0.0,0.0,[0.01639479698156518,0.13851066853128532,1.0994660885581262,0.1305069021191328,-1.5769631360391119,-0.5664960278020094,-0.7965160366908075,0.4964459628910053,-0.12294807830628866,-0.938324381495788])\n(1.0,0.0,[-1.3935577434333608,-0.06338623814143557,0.9010314954500486,0.1305069021191328,0.387103912467235,0.5934720291259139,1.111572519170172,-0.3948766427170652,0.22950307950506615,0.04878138986369357])\n(1.0,0.0,[0.01639479698156518,-1.2747676781777608,0.7025969023419709,-1.2850814776235429,-1.5769631360391119,0.013488000661952276,-0.03328061434641571,1.0312395262558476,0.05327750059938875,0.04878138986369357])\n(0.0,0.0,[0.21781658846941174,-1.4766645848504818,0.9010314954500486,0.1305069021191328,-0.39852290693530373,0.4001440196379267,-0.22408946993251366,-0.2166121215954511,-1.532752709551708,0.37781664698352074])\n(0.0,0.0,[1.0235037544207979,1.1479952018948898,-0.09114147009033984,-0.47617383205629965,0.7799173221685044,1.1734560575898756,-0.7965160366908075,-1.2861992483251357,-0.8278503939289983,-1.4318772671755287])\n(0.0,0.0,[-0.18502699450628138,0.13851066853128532,0.9010314954500486,1.3438683704699976,-0.39852290693530373,-0.17984000882603493,0.5391459524118781,-0.038347600473837,0.05327750059938875,-1.2673596386156152])\n(0.0,0.0,[0.6206601714451049,0.3404075752040062,0.9010314954500486,-1.2850814776235429,0.387103912467235,0.5934720291259139,0.5391459524118781,-1.1079347272035216,-0.8278503939289983,-1.4318772671755287])\n(0.0,0.0,[-0.38644878599412796,-0.06338623814143557,0.10729312301773784,-0.6784007434481105,0.7799173221685044,0.20681601014993947,1.111572519170172,0.13991692064777708,0.22950307950506615,-0.2802538672561336])\n(0.0,0.0,[0.6206601714451049,0.7442013885494481,0.7025969023419709,-0.27394692066448884,0.9763240270191391,0.013488000661952276,-0.4148983255186116,-0.2166121215954511,-0.12294807830628866,0.8713695326632614])\n(0.0,0.0,[0.41923837995725827,-1.4766645848504818,0.5041623092338932,-0.6784007434481105,0.9763240270191391,-0.7598240372899965,-1.5597514590351993,0.4964459628910053,0.9344053951277759,-0.6092891243759608])\n(0.0,0.0,[-1.1921359519455141,-1.07287077150504,-1.4801836218468836,-1.4873083890153538,-0.9877430214872078,1.1734560575898756,-0.22408946993251366,0.6747104840126193,-1.1803015517403532,-0.2802538672561336])\n(0.0,0.0,[1.426347337396491,0.5423044818767271,0.3057277161258155,0.3327338135109436,0.19069720761660033,-0.5664960278020094,-1.1781337478630034,-1.4644637694467497,-1.3565271306460305,-1.2673596386156152])\n(0.0,0.0,[1.426347337396491,1.3498921085676108,-0.4880106563064952,-1.4873083890153538,-0.5949296117859384,-0.17984000882603493,0.7299548079979761,-0.7514056849602934,-0.8278503939289983,0.37781664698352074])\n(0.0,0.0,[-1.3935577434333608,-0.46718005148687736,-1.0833144356307283,-1.4873083890153538,-1.5769631360391119,-0.9531520467779837,-1.1781337478630034,0.13991692064777708,-0.8278503939289983,-1.2673596386156152])\n(0.0,0.0,[-1.3935577434333608,-1.2747676781777608,0.9010314954500486,-0.27394692066448884,-0.005709497234034362,-1.5331360752419454,0.5391459524118781,-0.3948766427170652,-1.1803015517403532,-0.6092891243759608])\n(0.0,0.0,[-0.5878705774819745,-1.07287077150504,-0.6864452494145729,-0.47617383205629965,0.5835106173178697,-0.17984000882603493,-0.7965160366908075,0.6747104840126193,-1.1803015517403532,-1.2673596386156152])\n(0.0,0.0,[1.0235037544207979,-0.46718005148687736,0.5041623092338932,0.5349607249027544,-1.1841497263378424,-1.146480056265971,0.5391459524118781,0.4964459628910053,0.05327750059938875,-1.1028420100557015])\n(0.0,0.0,[-0.789292368969821,-0.06338623814143557,-0.09114147009033984,-0.47617383205629965,-1.1841497263378424,-0.17984000882603493,-0.03328061434641571,-1.4644637694467497,-0.2991736572119661,0.04878138986369357])\n(0.0,0.0,[-1.1921359519455141,-1.4766645848504818,1.297900681666204,0.1305069021191328,-0.20211620208466904,0.20681601014993947,0.5391459524118781,-1.4644637694467497,-1.3565271306460305,0.37781664698352074])\n(0.0,0.0,[-0.18502699450628138,-0.46718005148687736,0.5041623092338932,-0.27394692066448884,-0.005709497234034362,-0.7598240372899965,-1.3689426034491012,-1.4644637694467497,-1.3565271306460305,-1.4318772671755287])\n(0.0,0.0,[-0.5878705774819745,0.13851066853128532,0.5041623092338932,0.3327338135109436,-0.7913363166365731,0.20681601014993947,0.920763663584074,-0.7514056849602934,0.05327750059938875,-0.938324381495788])\n(0.0,0.0,[1.426347337396491,0.9460982952221689,0.10729312301773784,1.141641459078187,-1.5769631360391119,-0.7598240372899965,-1.1781337478630034,-1.4644637694467497,0.9344053951277759,0.04878138986369357])\n(0.0,0.0,[0.8220819629329514,0.7442013885494481,0.7025969023419709,0.939414547686376,-1.1841497263378424,0.7868000386139011,0.7299548079979761,0.13991692064777708,-1.532752709551708,-1.2673596386156152])\n(0.0,0.0,[0.01639479698156518,0.9460982952221689,-1.2817490287388058,-0.8806276548399213,-0.5949296117859384,-0.37316801831402213,-1.1781337478630034,-1.1079347272035216,-0.8278503939289983,-0.6092891243759608])\n(0.0,0.0,[-1.3935577434333608,-0.26528314481415644,0.10729312301773784,-0.47617383205629965,-0.005709497234034362,-1.5331360752419454,-0.7965160366908075,-1.1079347272035216,-0.4753992361176435,0.37781664698352074])\n(0.0,0.0,[-0.9907141604576676,0.5423044818767271,-0.6864452494145729,0.5349607249027544,1.1727307318697737,1.1734560575898756,-1.3689426034491012,0.8529750051342334,-0.2991736572119661,-0.4447714958160472])\n(0.0,0.0,[-0.38644878599412796,-1.4766645848504818,-1.2817490287388058,-1.0828545662317322,-0.9877430214872078,-0.7598240372899965,-0.6057071811047096,-0.3948766427170652,-0.2991736572119661,-0.11573623869622002])\n(1.0,1.0,[2.433456294835724,2.561273548603936,2.686942833422748,2.9616836616044844,2.940391075525486,3.1067361524697477,3.2104699306172493,3.1704137797152168,3.2253379209015822,3.1746163325020516])\n(0.0,0.0,[0.8220819629329514,-0.06338623814143557,-1.4801836218468836,0.7371876362945652,-0.7913363166365731,-0.7598240372899965,-0.7965160366908075,0.6747104840126193,0.22950307950506615,-0.7738067529358744])\n(0.0,0.0,[0.6206601714451049,0.7442013885494481,0.5041623092338932,-0.07172000927267802,-1.3805564311884773,0.7868000386139011,-0.03328061434641571,0.31818144176939117,-0.8278503939289983,0.04878138986369357])\n(0.0,0.0,[1.426347337396491,0.3404075752040062,0.3057277161258155,-0.07172000927267802,-1.5769631360391119,0.7868000386139011,-0.4148983255186116,-1.1079347272035216,0.581954237316421,-1.4318772671755287])\n(0.0,0.0,[-1.3935577434333608,1.3498921085676108,0.3057277161258155,0.5349607249027544,-1.5769631360391119,0.4001440196379267,-0.9873248922769055,-0.9296702060819074,-0.6516248150233209,0.8713695326632614])\n(0.0,0.0,[0.01639479698156518,-1.07287077150504,1.297900681666204,-0.6784007434481105,0.19069720761660033,-1.146480056265971,-0.22408946993251366,-0.038347600473837,-1.3565271306460305,-0.2802538672561336])\n(0.0,0.0,[0.01639479698156518,-0.06338623814143557,1.297900681666204,-1.2850814776235429,0.19069720761660033,-0.7598240372899965,1.111572519170172,-1.1079347272035216,0.40572865841074357,0.8713695326632614])\n(0.0,0.0,[0.6206601714451049,-1.07287077150504,1.297900681666204,0.7371876362945652,-0.005709497234034362,-0.5664960278020094,0.5391459524118781,0.13991692064777708,-0.12294807830628866,-1.2673596386156152])\n(0.0,0.0,[0.6206601714451049,1.3498921085676108,-1.2817490287388058,0.3327338135109436,0.5835106173178697,-0.5664960278020094,-1.1781337478630034,0.13991692064777708,-1.3565271306460305,-0.2802538672561336])\n(0.0,0.0,[-0.789292368969821,0.7442013885494481,1.297900681666204,-0.27394692066448884,-1.3805564311884773,1.1734560575898756,-1.3689426034491012,1.0312395262558476,0.22950307950506615,0.21329901842360716])\n(0.0,0.0,[-0.5878705774819745,-1.4766645848504818,-1.2817490287388058,-1.0828545662317322,-0.9877430214872078,-0.7598240372899965,-0.6057071811047096,-0.3948766427170652,-0.2991736572119661,-0.11573623869622002])\n(1.0,1.0,[2.433456294835724,3.166964268622099,1.893204460990437,2.5572298388208625,2.5475776658242166,3.1067361524697477,3.2104699306172493,3.1704137797152168,3.2253379209015822,3.1746163325020516])\n(0.0,0.0,[0.8220819629329514,1.3498921085676108,-1.0833144356307283,0.939414547686376,-0.20211620208466904,0.7868000386139011,-0.6057071811047096,-1.4644637694467497,-1.1803015517403532,-1.2673596386156152])\n(0.0,0.0,[0.8220819629329514,-1.2747676781777608,-1.4801836218468836,-1.0828545662317322,0.387103912467235,0.4001440196379267,0.3483370968257802,0.6747104840126193,0.22950307950506615,-0.2802538672561336])\n(0.0,0.0,[0.8220819629329514,1.1479952018948898,-1.2817490287388058,0.5349607249027544,-1.1841497263378424,0.7868000386139011,-0.4148983255186116,-0.038347600473837,-0.8278503939289983,-1.2673596386156152])\n(0.0,0.0,[-0.5878705774819745,0.7442013885494481,-0.8848798425226505,0.5349607249027544,0.19069720761660033,0.5934720291259139,-0.7965160366908075,0.4964459628910053,0.05327750059938875,0.7068519041033479])\n(0.0,0.0,[0.8220819629329514,1.1479952018948898,1.0994660885581262,0.939414547686376,0.5835106173178697,0.20681601014993947,0.3483370968257802,-0.3948766427170652,0.9344053951277759,-0.11573623869622002])\n(0.0,0.0,[0.21781658846941174,0.13851066853128532,1.297900681666204,0.7371876362945652,0.387103912467235,0.5934720291259139,-1.3689426034491012,0.13991692064777708,-0.8278503939289983,-0.7738067529358744])\n(0.0,0.0,[1.2249255459086446,-1.07287077150504,-0.4880106563064952,0.5349607249027544,-1.5769631360391119,-1.5331360752419454,-1.1781337478630034,-0.3948766427170652,-0.8278503939289983,-0.7738067529358744])\n(0.0,0.0,[-0.18502699450628138,-1.4766645848504818,0.5041623092338932,-0.6784007434481105,-0.9877430214872078,0.9801280481018882,1.111572519170172,-0.7514056849602934,-0.8278503939289983,0.04878138986369357])\n(1.0,1.0,[0.01639479698156518,0.13851066853128532,0.3057277161258155,0.5349607249027544,0.5835106173178697,0.7868000386139011,0.920763663584074,1.0312395262558476,1.1106309740334532,1.2004047897830887])\n(1.0,1.0,[2.0306127118600306,2.1574797352584945,2.2900736472065923,2.5572298388208625,2.5475776658242166,2.720080133493773,2.8288522194450536,2.8138847374719886,2.8728867630902273,2.8455810753822246])\n(0.0,0.0,[-1.3935577434333608,-0.6690769581595982,-0.2895760631984175,0.3327338135109436,-0.39852290693530373,0.013488000661952276,-0.4148983255186116,-0.038347600473837,-0.6516248150233209,-0.2802538672561336])\n(1.0,0.0,[-1.3935577434333608,-1.2747676781777608,1.0994660885581262,-1.2850814776235429,0.9763240270191391,-1.3398080657539582,0.920763663584074,-0.3948766427170652,-0.12294807830628866,0.04878138986369357])\n(0.0,0.0,[1.0235037544207979,0.7442013885494481,-0.6864452494145729,-0.6784007434481105,0.9763240270191391,0.7868000386139011,-0.7965160366908075,1.0312395262558476,0.7581798162220984,-1.4318772671755287])\n(0.0,0.0,[0.6206601714451049,-1.2747676781777608,0.5041623092338932,1.3438683704699976,0.5835106173178697,1.1734560575898756,0.15752824123968223,-0.3948766427170652,0.40572865841074357,-0.2802538672561336])\n(0.0,0.0,[0.41923837995725827,0.13851066853128532,1.297900681666204,-0.6784007434481105,0.7799173221685044,-1.3398080657539582,-1.1781337478630034,-0.5731411638386793,0.05327750059938875,0.04878138986369357])\n(0.0,0.0,[-1.3935577434333608,1.3498921085676108,1.0994660885581262,-0.07172000927267802,0.7799173221685044,-1.5331360752419454,0.7299548079979761,0.13991692064777708,0.40572865841074357,0.21329901842360716])\n(0.0,0.0,[1.0235037544207979,-0.26528314481415644,-1.2817490287388058,0.939414547686376,0.5835106173178697,-0.5664960278020094,0.920763663584074,-0.038347600473837,0.40572865841074357,-0.938324381495788])\n(0.0,0.0,[-0.5878705774819745,0.5423044818767271,-0.6864452494145729,1.3438683704699976,-0.5949296117859384,0.7868000386139011,0.5391459524118781,-0.5731411638386793,-1.1803015517403532,-1.4318772671755287])\n(1.0,1.0,[0.01639479698156518,0.13851066853128532,0.3057277161258155,0.5349607249027544,0.5835106173178697,0.7868000386139011,0.920763663584074,1.0312395262558476,1.1106309740334532,1.2004047897830887])\n(1.0,1.0,[2.0306127118600306,2.359376641931215,2.686942833422748,3.163910572996295,3.3332044852267555,1.9467680955418243,2.25642565268676,2.45735569522876,2.69666118418455,2.8455810753822246])\n(0.0,0.0,[1.2249255459086446,-0.26528314481415644,-0.4880106563064952,0.939414547686376,1.1727307318697737,0.013488000661952276,-0.4148983255186116,-0.7514056849602934,-0.2991736572119661,-0.2802538672561336])\n(0.0,0.0,[0.21781658846941174,0.9460982952221689,-0.8848798425226505,0.939414547686376,-1.1841497263378424,0.20681601014993947,-1.1781337478630034,-0.9296702060819074,0.7581798162220984,-0.4447714958160472])\n(0.0,0.0,[-1.3935577434333608,0.3404075752040062,-1.4801836218468836,-0.07172000927267802,-0.5949296117859384,-1.5331360752419454,0.5391459524118781,-0.7514056849602934,0.40572865841074357,-0.2802538672561336])\n(0.0,0.0,[-1.1921359519455141,-0.6690769581595982,0.3057277161258155,0.939414547686376,-0.20211620208466904,-0.7598240372899965,-1.3689426034491012,-1.1079347272035216,-0.12294807830628866,-0.6092891243759608])\n(0.0,0.0,[0.6206601714451049,0.5423044818767271,-1.4801836218468836,-0.6784007434481105,-0.005709497234034362,0.013488000661952276,-0.4148983255186116,0.31818144176939117,-0.6516248150233209,-1.1028420100557015])\n(0.0,0.0,[1.426347337396491,-0.8709738648323191,-0.09114147009033984,0.1305069021191328,0.19069720761660033,0.013488000661952276,0.5391459524118781,0.31818144176939117,0.40572865841074357,-0.938324381495788])\n"
      },
      "dateCreated": "Dec 31, 2015 6:06:53 PM",
      "dateStarted": "Dec 31, 2015 6:12:56 PM",
      "dateFinished": "Dec 31, 2015 6:13:47 PM",
      "status": "FINISHED",
      "progressUpdateIntervalMs": 500
    },
    {
      "text": "%spark\nval labelsAndPreds \u003d labelsAndPreds_lr.map(x \u003d\u003e (x._1, x._2))\nval m_lr \u003d eval_metrics(labelsAndPreds)._2\nprintln(\"precision \u003d %.2f, recall \u003d %.2f, F1 \u003d %.2f, accuracy \u003d %.2f\".format(m_lr(0), m_lr(1), m_lr(2), m_lr(3)))\n//labelsAndPreds_lr.collect.foreach(println)",
      "dateUpdated": "Dec 31, 2015 6:14:25 PM",
      "config": {
        "colWidth": 12.0,
        "graph": {
          "mode": "table",
          "height": 300.0,
          "optionOpen": false,
          "keys": [],
          "values": [],
          "groups": [],
          "scatter": {}
        }
      },
      "settings": {
        "params": {},
        "forms": {}
      },
      "jobName": "paragraph_1451585330110_-732766850",
      "id": "20151231-180850_1510405306",
      "result": {
        "code": "SUCCESS",
        "type": "TEXT",
        "msg": "labelsAndPreds: org.apache.spark.rdd.RDD[(Double, Double)] \u003d MapPartitionsRDD[1023] at map at \u003cconsole\u003e:73\nm_lr: Array[Double] \u003d Array(0.8064516129032258, 0.5681818181818182, 0.6666666666666667, 0.8546511627906976)\nprecision \u003d 0.81, recall \u003d 0.57, F1 \u003d 0.67, accuracy \u003d 0.85\n"
      },
      "dateCreated": "Dec 31, 2015 6:08:50 PM",
      "dateStarted": "Dec 31, 2015 6:14:25 PM",
      "dateFinished": "Dec 31, 2015 6:14:25 PM",
      "status": "FINISHED",
      "progressUpdateIntervalMs": 500
    },
    {
      "config": {},
      "settings": {
        "params": {},
        "forms": {}
      },
      "jobName": "paragraph_1451585665040_2140444346",
      "id": "20151231-181425_1391534924",
      "dateCreated": "Dec 31, 2015 6:14:25 PM",
      "status": "READY",
      "progressUpdateIntervalMs": 500
    }
  ],
  "name": "Device Management ML",
  "id": "2B9J2KVQP",
  "angularObjects": {
    "2B9EDS7RX": [],
    "2B8V224NM": [],
    "2B5YUQKT8": [],
    "2B8JH2674": [],
    "2B8AE3SQC": [],
    "2B8RDV9CU": [],
    "2B6XJD72P": [],
    "2B889XZ5W": [],
    "2B5SJ7RSF": [],
    "2B8WH294Q": [],
    "2B7K5YMG2": [],
    "2B7Y9ZUR6": [],
    "2B5Y3SDHE": [],
    "2B8B5C112": []
  },
  "config": {},
  "info": {}
}